Acr_la;;;;;;;;;;;;;;;;;;;;;;;;;;;;;;;;;;;;;;;;;;;;;;;;;;;;;;;;;;;;;;;;;;;;;;;;;;;;;;;;;;;;;;;;;;;;;;;;;;;;;;;;;;;;;;;;;;;;;;;;;;;;;;;;;;;;;;;;;;;;;;;;;;;;;;;;;;;;;;;;;;;;;;;;;;;;;;;;;;;;;;;;;;;;;;;;;;;;;;;;;;;;;;;;;;;;;;;;;;;;;;;;;;;;;;;;;;;;;;;;;;;;;;;;;;;;;;;;;;;;;;;;;;;;;;;;;;;;;;;;;;;;;;;;;;;1;;;;;;5;;;;;;;;;;;;;;;;;;;;;;;;;;;;;;;;;;;;;;;;;;;;;;;;;;;;;;;;;;;;;;;;;;;;;;;;;;;;;;;;;;;;;;;;;;;;;;;;;;;;;;;;;;;;;;;;;;;;;;;;;;;;;;;;;;;;;;;;;;;;;;;;;;;;;;;;;;;;;;;;;;;;;;;;;;;;;;;;;;;;;;;;;;;;;;;;;;;;;;;;;;;;;;;;;;;;;;;;;;;;;;;;;;;;;;;;;;;;;;;;;;;;;;;;;;;;;;;;;;;;;;;;;;;;;;;;;;;;;;;;;;;;;;;;;;;;;;;;;;;;;;;;;;;;;;;;;;;;;;;;;;;;;;;;;;;;;;;;;;;;;;;;;;;;;;;;;;;;;;;;;;;;;;;;;;;;;;;;;;;;;;;;;;;;;;;;;;;;;;;;;;;;;;;;;;;;;;;;;;;;;;;;;;;;;;;;;;;;;;;;;;;;;;;;;;;;;;;;;;;;;;;;;;;;;;;;;;;;;;;;;;;;;;;;;;;;;;;;;;;;;;;;;;;;;;;;;;;;;;;;;;;;;;;;;;;;;;;;;;;;;;;;;;;;;;;;;;;;;;;;;;;;;;;;;;;;;;;;;;;;;;;;;;;;;;;;;;;;;;;;;;;;;;;;;;;;;;;;;;;;;;;;;;;;;;;;;;;;;;;;;;;;;;;;;;;;;;;;;;;;;;;;;;;;;;;;;;;;;;;;;;;;;;;;;;;;;;;;;;;;;;;;;;;;;;;;;;;;;;;;;;;;;;;;;;;;;;;;;;;;;;;;;;;;;;;;;;;;;;;;;;;;;;;;;;;;;;;;;;;;;;;;;;;;;;;;;;;;;;;;;;;;;;;;;;;;;;;;;;;;;;;;;;;;;;;;;;;;;;;;;;;;;;;;;;;;;;;;;;;;;;;;;;;;;;;;;;;;;;;;;;;;;;;;;;;;;;;;;;;;;;;3;;;;;;;;;;;;;;;;;;;;;;;;;;2;;;;;;;;;;;;;;;;;;;;;;;;;;;;;;;;;;;;;;;;;;;;;;;;;;;;;;;;;;;;;;;;;;;;;;;;;;;;;;;;;;;;;;;;;;;1;1;;;;;;;;;;;;;;;;;;;;;;;;;;;;;;;;;;;;;;;;;;;;;;;;;;;;;;;;;;;;;;;;;;;;;;;;;;;;;;;;;;;;;;;;;;;;;;;;;;;;;;;;;;;;;;;;;;;;;;;;;2;;5;;;1;;;;;;;6;4;1;;;;2;1;;;;;1;;2;;;6;;6;2;;1;1;;4;2;;;5;;10;;15;1;;3;2;;4;;;;1;2;27;1;;;19;;7;7;1;;9;;;;;;;;;;;;;;;;;;;;;;;;;;;;;;;;;;;;;;;;;;;;;;;;;;;;;;;;;;;;;;;;;;;;;;;;;;;;;;;;;;;;;;;;;;;;;;;;;;;;;;;;;;;;;;;;;;;;;;;;;;;;;;;;;;;;;1;4;;4;;1;1;;;;;24;4;1;11;3;;4;3;1;8;29;16;;;;;;;;;;;1;;;;;;;;;;1;1;;;;;;16;1;2;1;;1;1;;1;1;;
Anc_fl;;;;;;;;;;;;;;;;;;;;;;;;;;;;;;;;;;;;;;;;;;;;;;;;;;;;;;;;;;;;;;;;;;;;;;;;;;;;;;;;;;;;;;;;;;;;;;;;;;;;;;;;;;;;;;;;;;;;;;;;;;;;;;;;;;;;;;;;;;;;;;;;;;;;;;;;;;;;;;;;;;;;;;;;;;3;;;;5;;1;1;;;;6;5;6;5;;1;2;1;;4;5;33;25;24;9;70;52;80;88;48;209;184;184;90;125;58;;;;;;;;;;1;;2;;;;;3;;6;6;7;86;4;10;30;9;;;3;3;3;6;25;32;19;23;42;;56;5;17;20;15;29;89;97;20;5;;8;;;;;;;;;;;;;;;;;;;;;;;;;;;;;;;;;;;;;;;;;;;;;;;;;;;;;;;;;;;;;;1;4;1;1;;;3;;19;16;80;94;45;;1;;1;;;;;;;4;3;;4;;;;;41;5;1;;5;1;11;14;4;10;4;13;;;;;;;;;;;;;;;;1;;1;5;1;;4;16;14;22;34;10;;;;9;4;;;;1;1;1;7;;;2;6;49;1;;80;5;;6;1;12;1;;16;65;34;;;;2;1;;4;;1;4;18;6;21;68;85;82;195;273;8;1;;29;12;245;;;;;;1;6;6;;119;392;290;5;39;30;37;37;31;26;26;21;148;53;94;;;;;;;;;5;4;;;1;;25;2;2;2;1;1;;;;;1;1;;;;19;4;6;;;1;;41;3;;;;;;1;;1;;1;1;1;;;;1;;1;;;;;;;;;1;;1;1;;;;;;;;;4;7;4;;7;;;2;;;;1;;;;;;;;;;;;;;;;;;;;;;;;;;;;;;;;;;;;;;;;;;;;;;;1;1;;;;;;;;;;;;;;;;;;;;;;;;;;;;;;;;;;;;;;;;;;;;;1;;1;;;;1;;;;1;7;5;;28;26;134;;;1;3;2;1;;;;;1;;2;1;;;11;2;80;117;46;27;;29;3;338;360;3;1;;;;;;;;;;;;;;;;;;;;;;;;;;;;;;;;;1;1;;;;;;4;;;1;;;;;;1;;;;;;;;;;;;;;;;;;;;;;;;;;;;;;1;;;;;1;12;1;1;16;22;;;;;1;;;;;;;;;;;;;;;;;;;;;;;;;1;;2;2;;;;8;;4;162;11;160;92;;;;2;2;;1;;2;;;1;;;;;;;;;;;;4;11;;5;;;5;11;;;;1;;;;;;;6;11;36;7;2;;41;1;6;;;;;;;;2;;;;1;;;;;;;;;;10;;;;;;;;5;1;7;;;;;;;22;80;;6;39;26;;;;;;;;;;;;;1;2;;12;13;;34;;;;;;;;42;31;11;2;;1;;;;;;;;;;;;;;;;;;;;;;;;;;;;;;;;;;;;;;;;;;;;;;;1;;;;;;;;;;;;;;;;;;;;;;;;;;;;;;;;;;;;;;;;;;;;;;;;;;;;;;;;;;;;;;;;;;;;;;;;;;;;;;;;;;;;;;;;;;;;;;;;;;;;;;;;;;;;;;;;;;;;;;;;;;;;;;;;;;;;;;;;;;;;;;;1;;;;;;;;;;;;;;;;;;;;;;;;;;;;;;;;;;;;;;;;;;;;;;;;;;;;;;;;;;;;;;;;;;;;;;;;;;;;;;;;;;;;;;;;;;;;;;;;;;;;;;;;;;;;;;;;;;;;;;;;;;;;;;;;;;;;;;;;;;;;;;;;;;;;;;;;;;;;;;;;;;;;;;;;;;;;;;;;;;;;;;;;;;;;;1;;;;;;;;;;;;;;;;;;;;;;;;;;;;;;;;;;;;;;;;;;;;;;;;;;;;;;;;;;;;;;;;;;;;;;;;;;;;;;;;;;;;;;;;;;;;;;;;;;;;;;;;;;;;;;;;;;;;;;;;;;;;;;;;;;;;;;;;;;;;;;;;;;;;;;;;;;;;;;;;;;;;;;;;;;;;;;;;;;;;;;;;;;;;;;;;;;;2;4;;1;;;;;;53;16;7;73;73;23;;;;;;;;;;;;;;;;1;;;2;2;;;;1;;4;63;39;24;32;41;32;;;;;;;;;17;37;19;;;;5;6;;9;30;27;2;81;37;37;50;2;19;118;121;198;90;150;1;4;13;;;;;;;;;4;;1;16;9;1;6;5;1;1;1;;2;;;2;;15;36;9;10;2;2;8;;;;;;;;;;;;;;;;;;;;;;;;;;;;;;;;;;;;;;;;;;;;;;;;;;;;;;;;;;;;;;;;
Bit_te;;;;3;;;;;;;;;;3;;;;;4;;11;;2;59;59;33;;1;;3;3;;;1;;11;6;18;2;7;2;14;8;4;8;1;7;68;132;64;1;18;12;31;8;;;;;;;1;;;;1;1;15;1;1;5;9;2;8;1;4;4;33;6;19;40;3;8;519;1142;51;43;7;12;22;11;14;23;45;12;27;6;94;125;56;19;39;17;1079;513;2;76;129;385;78;126;64;;;;;;;;;3;5;;;;;;1;3;168;17;41;1;4;6;70;67;168;;2;3;2;2;3;3;5;2;8;51;110;1;2;1;1;;2;11;10;5;70;33;49;2;1;6;21;6;5;;;;;;2;2;;;1;;;;;;;;;;;4;2;1;2;2;5;2;9;3;5;9;14;18;16;21;;;;;;;;;;;;;;1;;;;;;;;1;;;;1;4;;1;5;7;6;1;35;16;8;14;15;;;;;;;;;;;;1;;;;266;285;177;6;8;3;10;12;59;;1;;4;1;10;1;;;;1;;10;4;;42;15;43;10;3;29;14;27;31;73;62;31;5;;3;19;20;35;2;;;2;7;6;1;4;2;10;;;;;;;;;;;;;;;;;;;;;;;;;;;;;;;;;;;;;;;;;;;;;;;;;;;;;2;6;2;;;;;;;;;1;;;;;;;;;;;;;;;1;;;;2;;;;;;;;;;;;;;;;;1;;;;;;;;;;;;;;;;;;;;;;;;;;;;;;;;;;;;;;;;;;;;;;;;;;;;;;;;;;;1;;;;;;;;;;;;;;;;;;1;;;;;;;;;;2;2;2;;1;1;;;;;3;8;;;;;;;;;;;;;1;;;2;;;2;;;;3;1;;;3;;8;4;4;;17;5;14;3;3;6;;1;;;;1;;;;25;6;7;8;123;18;4;6;14;3;2;2;27;9;23;35;3;;;;2;7;5;12;7;2;8;10;3;8;3;12;41;48;36;33;30;23;5;3;2;36;11;16;;8;13;2;8;27;2;;;2;;;;;;;1;;2;3;6;3;4;9;3;16;5;11;6;9;1;5;2;16;35;10;22;15;19;8;8;7;5;12;4;;1;;;;;;;;;;;;;;;;;;;;;;;;;;;;;;;;;;;;;;;;;;;;;;;;;;;;;;;;;;2;;;;;2;1;1;5;6;;1;2;1;63;6;2;;;1;;1;2;;;;;;;;;;;;8;;;;;;;;;;;;;;;;;;;;;;;;;;;;;;;;;;;;;;;;;;;;;;;;;;;;;;;;;;;;;;;;;;;;;;;;;;;;;;;;;;;;;;;;;35;;;;;;;;;;;12;;11;;;;;;;;;12;;;2;;1;;2;7;;;1;;;;;;;;;;;;;;;;4;;;;;;;;;;;;;;;;;;;;;;;;;;;;;;;;;;;;;;;;;;;;148;112;203;113;46;94;22;66;;;;;;;;;;;;;;;;;;;;;;;;;;;;;;;;;;;;;;;;;;;;;;;;;;;;;;;;;;;;;;;;;;;;;;;;;;;;;;;;;;;;;;;;;;;;;;;;;;;;;;;;;;;;;;;;;;;;;;;;;;1;1;;;1;1;;1;;;;;1;1;1;;4;2;7;38;8;1;2;5;21;6;1;1;1;23;38;36;8;7;2;14;1;3;6;;3;1;2;14;2;;6;7;1;;;;;;;;;;;;;;;;1;;3;;;;4;10;3;;2;1;;1;1;;1;;1;1;4;;1;4;;;;;1;;;26;3;;1;43;55;;18;21;40;1;8;25;3;;1;3;15;12;3;2;3;7;25;29;33;84;15;140;52;51;19;16;9;38;88;51;12;21;8;118;21;22;23;26;28;69;45;321;25;18;22;102;162;124;35;25;54;;13;11;12;28;105;5;;3;5;6;4;1;8;8;6;1;;13;14;7;8;5;2;35;48;68;19;87;58;40;24;29;47;31;52;9;11;2;3;3;2;2;5;3;;;;;;;;;;;2;;36;8;1;;1;;;10;3;1;;;;56;29;3;2;7;26;9;159;38;6;30;6;17;27;10;8;4;10;4;147;187;18;3;18;34;239;172;85;12;24;4;41;98;113;30;11;21;14;16;39;8;22;10;90;31;37;4;9;1;2;8;;1;;;2;49;20;58;2;8;1;9;1;68;6;3;5;12;64;39;9;6;8;4;8;11;4;1;3;;;2;37;2;;30;6;8;;;28;1;8;43;167;65;50;62;17;73;113;292;10;19;23;20;117;79;99;49;19;;6;19;33;13;14;75;85;62;5;3;1;8;4;;6;5;;1;2;2;1;1;1;9;;9;28;17;8;;5;1;2;3;2;3;17;4;17;6;18;17;2;18;32;4;12;7;35;47;15;6;29;101;170;22;16;32;38;15;32;5;5;4;17;20;12;26;21;23;59;124;38;9;12;15;17;16;42;1;3;7;;1;1;34;47;33;18;6;1;262;15;66;75;97;13;9;12;8;89;116;85;74;32;88;24;41;63;15;8;8;26;73;61;17;24;20;1;11;6;64;7;70;;;;1;;;;;;;;;;;;;;;;;;;;;;;;;;;1;;;;;;;;;;;;;;;;;;;;;;;;;;;;;;;;;1;1;;;;;;;;;;;;;;;;;;;;;;;;;;;;;;;;;;;2;12;2;1;1;;;;;;;;;;;;;;;;;;;;;;;;;;;14;16;30;11;9;16;15;11;11;1;1;4;;1;1;1;2;5;5;2;5;;22;31;8;72;46;49;38;5;44;97;4;1;1;6;1;;5;6;5;6;8;24;;5;3;3;10;17;;;;;2;8;;6;8;19;13;12;;
Pot_an;;;;;;;;;;;;;;;;;;;;;;;;;;;;;;;;;;;;;;;;;;;;;;;;;;;;;;;;;;;;;2;;;;;;;;;;;;;1;;;;;;;9;;5;6;3;2;;;;;;9;;;;1;;;;;;;;1;;380;;;1;;;;;;;;1;;;;;;;32;34;34;13;29;39;15;10;16;14;7;10;;3;1;1;2;8;;4;;4;4;6;4;15;7;4;15;14;9;3;9;9;;;116;38;6;6;30;;15;6;;14;4;7;21;;89;31;24;14;17;13;9;22;1;11;73;34;;6;1;26;24;10;3;;15;3;75;20;17;5;11;83;47;17;20;53;6;58;3;3;21;;;24;1;96;63;115;21;5;114;605;115;3;;1;8;2;;1;2;;2;;1;8;2;2;8;85;57;95;4;13;27;;;;5;6;17;3;4;;16;7;59;;;;;;;;;;;;;;;;;;;;;;;;;;;;;;;;;;;;;;;;;;;;;;;;;;;;;;;;;1;;;;16;10;3;6;160;17;108;5;39;37;72;93;82;82;6;5;1;5;4;68;3;1;;8;18;20;1;2;1;17;5;17;66;93;16;17;16;31;123;76;8;15;10;5;;;;;;;;;1;;;10;2;2;3;16;3;;13;7;6;133;106;51;19;56;209;1;7;4;6;;2;1;4;1;;2;2;;2;;5;28;2;;;;4;3;15;13;43;9;2;5;12;;;;1;;;8;3;;5;;;16;169;90;4;2;4;8;;;1;1;2;;;7;11;6;4;5;2;1;13;16;11;20;84;52;67;70;39;4;146;108;72;19;21;;4;1;2;13;1;2;4;38;32;8;11;12;23;25;4;8;17;20;4;2;3;6;10;14;2;1;7;;22;14;6;7;30;10;6;39;3;26;8;5;17;14;74;5;11;11;5;12;12;2;3;11;89;;14;154;55;6;44;3;16;8;131;79;164;53;326;44;668;25;77;7;132;130;246;6;11;10;;31;19;72;183;57;90;53;138;3;7;13;24;58;33;8;9;109;47;85;18;;;;;;;;;;;;;;;4;;1;;;;;;;;;;1;;1;;;2;;;;;;;;;;;;;;;;;;1;2;7;210;15;;12;;4;1;;;;;5;1;12;30;3;14;19;21;4;2;2;10;3;6;1;12;79;15;;;;1;12;18;19;37;202;52;16;19;17;13;35;75;3;15;3;16;30;106;;11;8;5;2;3;4;5;1;3;16;93;34;26;14;4;18;8;7;46;133;12;17;9;16;2;2;2;7;;;;25;20;10;82;7;1;17;21;9;21;30;22;;1;2;4;;;9;2;;3;7;4;9;2;6;2;10;1;97;79;487;59;4;244;21;28;12;16;16;118;;;3;2;;;;;;1;;;;6;;;6;2;4;7;;;2;2;6;;2;1;;2;1;9;;1;;5;3;11;14;8;5;2;18;1;2;5;8;4;;6;2;2;1;;6;1;2;;3;2;1;183;6;19;18;4;;11;;8;1;8;3;31;17;2;12;209;51;182;186;27;;14;30;32;63;94;13;3;84;18;97;;;;;;;1;;;;1;8;1;;;;2;2;;1;13;55;24;6;;;1;1;;3;12;11;1;52;20;28;11;5;23;7;21;1;3;1;2;2;;;1;3;;;;;;;;;;10;;12;15;12;26;13;14;25;87;53;69;20;30;38;42;28;4;20;;16;246;120;;;;;;;;;6;1;16;5;2;4;20;50;97;28;62;13;2;;2;9;2;;25;9;86;16;159;7;;;;;;;;;;;;;;;;1;;;;;;;;;;2;1;3;3;1;;;;;;;1;;;;;;;1;;;;;;4;2;1;;3;11;2;5;33;2;9;1;1;1;29;2;;5;2;9;2;5;4;5;;1;;4;;4;3;3;6;4;3;3;;;;;;;;;16;;;;;;;;;;;;;;;;3;;3;;7;;;21;6;7;;;;;2;;1;1;1;;;50;7;;1;;8;4;;;3;1;;19;2;1;20;1;;;;;;;;;;;;;;;;;;;;;;;;;;;;;;;;;;;;;;;;;;3;2;2;7;61;5;4;;19;5;1;1;3;6;;;3;;;2;2;1;1;;1;;;;;;;;;;;;;;;;;;;;;;;;;;;;;;;;;;;;;;;;;;;;;;;;;;;;;;;;;;;;;;;;;;;;;;;;;;;;;;;;;;;;;;;;;;;;;;;;;;1;;;;;;;;;;;;;;;;;;;;;;;;;;;;;;;;;;;;;;;;;;;;;;;;;;;;;;;;;;;;;;;;;;;;;;;;;;;;;;;;;;;;;;;;;;;;;;;;;;;;;;;;;;;;;;;;;;;;;;;1;;;;;;;;;;;;1;;;;;;;;3;17;39;32;20;6;30;9;4;8;57;13;7;4;18;8;4;25;6;23;21;57;18;28;68;9;74;13;15;38;;;;;;;;;;;;;;;;;;;;;;;;;;;;;;;;;;;;;;;;;;;;;;;;;;;;;;;;;;;;;;;;;;;;;;;;;;1;;;;;2;2;;;;;;;2;1;;;;;;1;;;;1;;;;;;45;59;5;3;2;38;5;;8;6;1;3;;17;2;1;;;;;;;;1;3;;;;;;;1;4;14;8;7;5;10;;;;3;;;;;18;244;106;2;12;2;11;16;14;74;22;47;2;1;;1;1;18;40;23;14;7;7;67;13;28;52;1;;2;7;1;;;1;22;1;1;7;1;2;1;4;3;2;1;1;15;4;1;17;;4;64;2;;49;63;70;;;;;;;;;;;;;;;;;;;;;;;;;;;;;;;;;;;;;;;;;;;;;;;;;;;;;;;;;;;;;;;;
Gal_tr;;;;;;;;;;;;1;;;;;;;;;;;;;;;;;;;;;;;;;;;;;;;;;;;;;;;;;;;;;;;;;;;;;;;;;;1;;2;;4;;;;;;;;;;;;;;;;;;;;;;;;;;;;;;;;;;;;;;;;;;;;;;;;;;;;;1;;;1;;1;;;;;;;;;;;;;;;;;;;;;;;;;;;;;;;;;;;;;;;;;;;;;;;;;;;;;;;;;;;;;;;;;;;;;;;;;;;;;1;;;29;;;;;;;;;;;;;;;;;;;;;;;;;;;;;;;;;;;;;;;;;;;;1;;;;;;;1;;;;;;1;;;;;;;;;;;;;;;;;;;;;;;;;;;;;;2;;;2;;;;;;;;;;;;;;;1;;;;;;;;;;;;;;;;;;;;;;;;;;;;;;;;;;;;;;;;;;;;;;;;;;;;;;;1;;;1;;;;;;;;;;;;;;;;;;;;;;;;;;;;;;;;;;;;;;;;;;;;;;1;;1;;;;;;;;;;;;;;;;;;;;;;;;;;;;;;;;;;;;;;;;;;;;;;;;;;;;;;;;;;;;2;3;;;;;;;;;;;;;;;;;;;;;;;;;;;;;;;;;;;;;;;;;;;;;;;;;;;;;;;;;;;;;;;;;;;;;;;;;;;;;;;;;;;;;;;;;;1;;;;;;;;;;;;;;;;;;;;;;;;;;;;;;;;;;;;;;;1;;;;2;;;;;;;;;;;;;;;;;;;;;;;;;;;;;;;;;;;;;;;;;;;;;;;;;;;;;;;;;;;;;;;;;;;;;;;;;;;;;;;;;;;;;;;;;;;;;;;;;;;;;;;;;;;;;;;;;;;;;;;;;;;;;;;;;;;;;;;;;;1;;;;;;;;;;;;;;;;;;;;;;;;;;;;;;;;;;;;;;;;;;;;;;;;;;;;;;;;;;;;;;;;;;;;;;;;;;;;;;;;;;;;;;;;;;;;;;;;;;;;;;;;;;;;;;;;;;;;;;;;;;;;;;;;;;;;;;;;;;;;;;;;;;;;;;;;;;;;;;;;;;;5;;;;5;2;;;;;;;;;;;;;;;;;;;;;;;;;;;;;;;;;;;;;;;;;;;;;;;;;;;;;;;;;;;;;;;;;;;;;;;;;;;;;;;;;;;;;;;;;;;;;;;;;;1;;;;;;;;;;;;;;;;;;;;;;;;;;;;;;;;;;;;;;;;;;;;;;;;;;;;;;;;;;;;;;;;;;;;;;;;;;;;;;;;;;;;;;;9;5;15;;;;;;;;;;;;;;;;;;;;;;;1;;;9;38;3;68;;1;;;;;;;;;;;;;;;;;;;;;;;;;;;;1;1;8;3;;;;;;;;;;;;;;;;;;;;;;;;;;;;;;;;;;;;2;;1;8;;;;;;;;;;;;;;;;;;;;;;;;;;;;;;;;;;;;;;;;;;;;;;;;;;;;;;;;;;;;;;;;;;;;;;;;;;;;;;;;;;;;;;;;;;;;;;;;;;;;;;;;;;;;;;1;;;;;2;;;;;;;;;;;;;;;;;;;;;;;;;;;;;;;;;;;;;;2;;;;;;;;;;;;;;;;;;;;;;;;;;;;;;;;;2;;;;;;2;;;;;;;;;;;;;;;;;;;;;;;;;;;;;;;;;;;;;;;;;;;;;;;;;;;;;;;;;;;;;;;;;;;;;;;;;;;;;;;;;;;;;;;;;;;;;;;;;;;;;;;;;;;;;;;;;;;;;;;;;;;;;;;;;;;;;;;;;;;;;;;;;;;;;;;;;;;;;;;;;;;;;;;;;;;;;;;;;;;;;;;;;;;;;;;;;;;;;;;;;;;;;;;;;;;;;;;;;;;;;;;;;;;;;;;;;;;;;;;;;;;;;;;;;;;;;;;;;;;;;;;;;;;;;;;;;;;;;;;;;;;;;;;;;;;;;;;;;
Lym_st;;;2;;;;;;;;;;;;;1;;;;;;;;;;;;;;;;;;;;;;;;;1;;;;;;;;;;;;;;;;;;;;5;;;2;;;;;;;;1;3;9;;;;;;;;;;;;;;;;;;;;;;;;;;;;1;;;;;;;;;;;;;;;;;;;;;1;;;1;;1;;;;;;;;;1;4;;;;;;;;;;;;;;;;;;;;;;;2;3;;;;;;;;;;;;;;;;;;;;;;;;;;;;;;;;;;;;;;;;;;;;;;;;;;;;;;;;;;;;;;;;;;;;;;;;;;;;;;;;;;;;;;;;;;;;;;;;;;;;;;;;;;;;;;;;;;;;;;;;;;;;;;;;;;;;;;;;;;;;;;;;;;1;;;;;;;;;;;;;;;;;;;;;;;;;;;;;;;;;;;;;;;;;;;;;;;;;;;;;;;;;;;;;;;;;;;;;;;;;;;;;;;;;;;;;;;;;;;;;;;;;;;;;;;;;;;;;;;;;;;;;;;;;;;;;;;;;;;;;;;;;;;;;;;;;;;;;;;;;;;;;;;;;;;;;;;;;;;;;;;;;;;;;;;;;;;;;;;;;;;;;;;;;;;;;;;;;;;;;;;;;;;;;;;;;;;;;;;;;;;;;;;;;;;;;;;;;;;;;;;;;;1;2;7;1;;;;;;;2;;;;;;;;;;;;;;;;;;;;;;;;;;;1;1;;;;;;;;;;;;;;;;;;;;;;;;;;;;;;;;;;;;;1;;;;;;;;;;;;;;;;;;;;;;;;;;;;;;;;;;;;;;;;;;;;;;;;;;;;;;;;;;;;;;;;;;;;;;;;;;;;;;;;;;;;;;;;;;;;;;;;;;;;;;;;;;;;;;;;;;;;;;;;;;;;;;;;;;;;;;;;;;;;;;;;;;;;;;;;;;;;;;;;;;;;;;;;;;;;;;;;;;;;;1;;;;;;;;;;;;;;;;;;;;;;;;;;;;;;;;;;;;;;;;;;;;;;;;;;;;;;;;;;;;;;;;;1;1;1;;1;;;;;;;;;;;;;;;;;;;;;;;;;;;;;;;;1;;;;;;;;;;;;;;;;;;;;;;;;;;;;;;;;;;;;;;;;;;;;;;;;;;;;;;;;;;;;;;;;;;;;;;;;;;;;;;;;;;;;;;;;;;;;;;;;;;;;;;;;;;;;;;;;;;;;;;;;;;;;;1;;;;;;;;;;1;;;1;;;1;1;;;;;;;1;;;;;7;;;;;;;;;;;;;;;1;;;;;;;;;;;;;1;;;;;;1;;1;;;;;1;;;2;;;1;;1;1;;;;;;;1;;;;;;;;;;;;;;;1;4;1;;;1;;;;;2;;1;4;;;3;2;1;2;;1;3;;6;5;13;21;9;3;6;11;3;2;2;8;;5;1;;6;8;1;2;5;1;2;2;;;;;;;9;;2;;;;;1;1;;;;;;;;;;;;;;;;;;;1;;3;;;;;;;;;;;;;;;;;;;;;;;;;;;;;1;;;;;;;;;;;;;;;;;;;;;;;;;;;;2;;;;;;;;;;;;;;;;;;;;;;;;;;;;;;;;;;;;;;;;;;;;;;;;;;;;;;1;;;;;;;;;;4;;;6;1;1;;;;;;;;1;;;;;;;;;;;;;;;;;;;;;;;;;;;;;;;;;;;;;;;;;;;;;;;;;;;;;;;;;;;;;;;;;;;;;;;;;;;;;;;;;;;;;;;;;;;;;;;6;;;;;;;;;;;;;;;;;;;;;;;;;;;;;;;;;;;;;;;;;;;;;;;;;;;;;;;;;;;;;;;;;;;;;;;;;;;;;;;;;;;;;;;;;;;;;;;;;;;;;;;;;;;;;;;;;;;;;;;;;;;;;;;;;;;;;;;;;;;;;;;;;;;;;;;;;;;;;;;;;;;;;;;;;;;;;;;;;;;;;1;;;;;;;;1;;;;10;10;;;;;;1;;;;;;;;;;;;;;;;;;;;;;;;;;;;;;;6;;;;;;;;
Rad_au;;;;;;;;;2;;39;;;;;;;;;;;;;;;;;;;;;;;;;;;;;;;;1;1;;;;3;3;3;;1;2;3;3;2;6;2;1;;5;2;;;;2;4;1;;;;;;7;;;;;;;;;;16;25;2;;;;;;1;;;;3;;;;5;;2;1;;;2;2;;;;;10;;;;;;;;;4;1;10;2;;;;;;35;;1;;;1;10;13;11;;;;3;2;1;1;;;1;;7;;;;;;2;2;;1;7;7;30;1;2;;4;4;23;;;;;;;;;;;;;;;;;1;1;;;;;;;;3;1;;;;;;;1;1;;3;2;;;;;;;;;;;;;;;;;;;;;3;;;2;6;3;;;;;;;;;;;;;1;1;;7;;10;;1;;;;;;;;;;;;;;;;;;;;;;;;;;;;;;;;;;;;;;;;;;;;;;;;;;;;;;;;;;;;;;;;;;;;;;;;;;;1;;;;;;;9;1;1;;;;;;;;;;;;;;;;;;;;;;;;;;;;;;;;;7;4;1;2;;;;;;;;;;;;;;;;;;;;;;;;;;;;;;;;;;;;;;;;;;;;1;;;;;;;;;;;;;;;;;;;;;;;;;;;;;;;;;;;;;;;;;;;;;1;;;;;1;;;;;;;;42;1;;;;;5;3;4;71;58;8;;;;2;3;3;;;;3;1;3;;;;2;2;2;34;13;56;9;4;;;2;;8;3;10;;;;;;;;;;;;;;;3;;3;;;1;;;;2;;;;;;;;;;;;5;;;1;;1;;7;1;5;2;2;27;19;14;;;;;;;;;;2;2;63;8;38;;;1;;;;;;;;;;;1;;1;;;;;;;;1;1;4;1;2;;;;;;;2;;;5;;;;1;;;;1;;;;;;;;;;;1;;;;;1;;;;;;;;;;;;;;1;;;;;;;;;;;;;;;;;;;;;;;;;;;;;;;;;;;;;;;;;;;;;;;;;;;;;;;;;;;;;2;;;;;;;;;;;;;;;;;;;;;;;;2;1;;;;1;;;;;;;;;;2;;;;2;25;68;54;3;1;;14;;;;;;15;2;5;;;;16;10;9;19;2;11;2;22;1;2;;1;;2;3;;;;;;;;7;4;3;9;232;30;24;23;1;;7;2;;3;;1;9;7;;;1;18;14;22;19;7;28;4;10;31;2;13;1;5;4;7;;1;2;;;;;;;;;;2;2;;;;6;2;1;4;2;6;1;;2;;;;13;34;48;2;;;27;21;45;;;;;1;;;;;1;;;;;;;;;;;;;;;;;1;;;;;;;;;;;;;;;;;;;;;;;;;;;;;;;;;;;;;;;;;;;;;;;;;;;;;;;;;;;;;;;;;;;;;;;;;;;;;;;;;;;;;;;;;;;;;;;;;;;;;2;;1;19;13;5;22;68;8;;;4;10;;7;15;;2;2;55;61;145;;2;;32;51;36;22;;;196;131;45;;;;;;;14;;;11;45;9;4;2;2;;2;1;2;1;1;4;1;41;;3;1;7;2;;;1;;;;2;1;18;;;;1;3;8;;;;1;;;;;;;4;4;;;;2;;1;;;;;;;;;;;;;;;;;;;;;;;;;;;;;;;;;;;;;;;;;;;;;;4;;;;;1;;;;;;;2;;;1;6;42;14;;;;;;;;;;;;;;;;;;;;;;;;;;;;;;;;;;;;;1;;;;;;;;17;;;;;2;7;;;;;;;;;;1;;;;;;;1;6;;;;;;;;;;;;;;;;;;;;;;;;;;;;;;;;;;;;;;;;;;;;;;5;6;9;;;;;;;;;;;;;;;;;;;;;;;;;;;;;;;;;;;;;;;7;;;;;;1;;;;;21;5;;;;;;;;;1;;;1;;;;;;;;;;;;;;;;;;;;;;;;;;;;;;;;;;;;;;;;;;;;;;;;;;;;;;;;;;2;;;;;;;;;;1;3;6;;;;;1;;;1;;1;;;1;2;;2;;;;;;;;;;;;;;;;;;;;;;;;;;;;;;;;;;;;;;;;;;;;;;;;;;;;;;;;;;;;;;;;;;;;;;;;36;15;1;;1;1;8;;1;1;1;;;;;;;;;;;;;;;;;;;;;;;;1;;;;;;;;;;;;;;;;;;;;;;;;;;;;;;;;;;;;;;;;;;;;;;;;;;;;;;;;;;;;;;;;;;;;1;1;;;;;;;;;;;;1;;;;;;;;;;;;;;;;;;;;;;1;;;;;;;;;;;;;;;;;;;;;;;;;;;;;;;;;;;;;;;;;;;;;;;;;;;;;;;;;;;;;;;;;
Rad_ba;;;;;;;;;;;;;;;;;;;;;;;;;1;2;;;;;;;;;;;;;;;;;;;;;;;;;;;;;;;;;;;;;;;;;;;;1;;1;2;13;;;;;;;;;;;;;;;;;;;;;;;;2;2;1;;;;;;;;;;;;;;;;;;;;;;;;;;;;;;;;1;;;;3;2;1;;;;;;;;;;;;;;;;;;;;;;;;;;;;;3;;;;;;;;;2;;;;;;;;;;;;;;;;;;;;;;;;;;;;;;;;;;;;;;;;;;;;;;;;;;;;;;;;;;;;;;;;;;;;;;;;;;;;;;;;;;;1;;;;;;;;;;;;;;;;;;;;;;;;;;;;;;;;;;;;;;;;;;;;;;;;;;;;;;;;;;;1;;;;;;;;;;;;;;;;;;;;;;;;;;;;;;;;;;;;;;;;;;;4;9;1;;;;;;2;5;2;;;;;;;;;;;;;;;;;;;;;;;;;;;;;;;;;;;;;;;;;;;;;;;;;;;;;;;;;;;;;;;;;;;;;;;;;;;;;;;;;;;;;;;;;;;;;;;;36;18;4;;;;;;;;;;;;;;;;;;;;2;;;;;;;;;;;;;;;;14;;;;7;;;1;;;;;;;1;;;;;;;;;;;;;;;;;;;;1;;;;;;;;;;;;;;;;;;;;;;2;;11;;;;;;;;;;;7;;4;5;7;5;;;;;;;;;;;;;;;;;;;;;;;;;;;;;;;;;;;;;;1;1;;;;;;;;;;;;;;;;;;;;;;;;;;;;;;;;;;;;;;;;;;;;;;;;;;;;;;;;;;;;;;;;;;;;;;;;;;;;;;;;;;;;;;;;;;;;;;;;;;;;;;;;;;;;;;;;;;;;;;;;;;;;;;;;;;;;;;;;;;;;;;;1;;;;;;;;;;;;;;;;;;;;;2;;;;;;;;;;;1;7;;;;;;2;;;;149;;;;;;;;;;;;;;;;;;;;;;;;;;;4;;;;;6;;2;3;;;;;;;;;;;;;;;;;;;;;;;;;;;;;;;;;;;;;;;;;;;;;;;;;;;;;;;;;;;;;;;;;;;;;;;;;;;;;;;1;1;5;;3;12;;4;;;;;;;;;;;;;;;;;;;;;;;;;;;;;;;;;;;;;;;;;;;;;;;;;;;;;;;;;;;;;;;;;;;;;;;;;;;;;;;;;7;20;;57;;;;;;;;;;;;;;11;6;3;389;22;394;15;27;16;;;;;;;;;;;;2;1;;;;;;;;;;;;;;;;;;;;1;;;;;;;;;;;;;;;;;;;;;;;;;;;;;;;;;;;;;;;;;;;;;;;;;;;;;;;;;;;;;;;;;;;;;;;;;;;;;;;;;;;;;;;;;;;;;;;;;;;;;;;;;;;;;;;;;;;;;;;;;;;;;;;;;;;;;;;;;;;;;;;;;;;;;;;;;;;;;;;;;;;;;;;;;;;;;;;;;;;;;;;;;;;;;;;;;;;;;;;;;;;;;;;;;;;;;;;;;;;;;;;;;;;;;;;;;;;;;;;;;;;;;;;;;;;;;;;;;;;;;;;;;;;;;;;;;;;;;;;;;;;;;;;;;1;;;1;;;;;;;;;;;;;;;;;;;;;;;;;;;;;;;;;;;;;;;;;;;;;;;;;;;;;;;;;;;;;;;;;;;;;;;;;;;1;;;;;;;;;;;;;;;;;;;;;;;;;;;;;;;;;;;;;;;;;;;;;;;;;;;;;;;;;;;;;;;;;;;;;;;;;;;;;;;;;;;;;;;;;;;;;;;;;;;;;;;;;;;;;;;;;;;;;;;;;;;;;;;;;;;;;;;;;;;;;;;;;;;;;;;;;;;;;;;;;;;;;;;;;;;;;;1;;;;;;;;;;;;;;;;;;;;;;;;;;;;;;;;;;;;;;;;;;;;;;;;;;;;;;;;;;;;;;;;;;;;;;;;;;;;;;;;;;;;;;;;;;;;;;;
Sta_sp;;;;;;;;;;;;;;;;;;;;;;;;;;;;;;;;;;;;;1;;;;;1;;;;;;;1;2;;3;;;;;;;;;;;;;;;;;;3;;;;;;;;;;3;;;;2;;2;;;;;;;;8;;1;;4;;12;;;;86;11;41;;;;;;1;;;;;;;;;;;;;;;;;;;;;;;;1;;5;;;;;;;;;;;;;;;;1;;;;;1;;;;;;;;;;;;;;;;;;;;;;;;;;;;;3;;;;;;;;;;;;;2;;;;;;;;;;;;;;;;;;;;;;;;;;;;;;;;;;;;;;;;1;3;;;;;;;;;;;;;;;;;;2;;;;2;;;;;2;;;;4;;;;;;;;;;;;;;;1;;;;;;;1;;1;3;1;;;;;;;;;;;;;;;;;;;;;;;;;;;;;;;;;;;;;;;;;;;;;;1;;;1;;;;;;;;;;;;;;;;;;;;;;;;;;;;;;;;;;;;;;;;;;;;;;;;;;;;;;1;;;;;;;;;;;;;;;;;;;;;;;;;;;;;;;;;;;;;;;;;;;;;;1;;;;;;;;;;;;;;;;;;;;;;;;;;;;;;;;;;;;;;;;;;;;1;;;;;;;;;;;;;;;;;;;;;;;;;;;;;;;;;;;;;;;;;;;;;;;;;;;;;;;;;;;;;;;;;;;;;;;;;;;;1;;;;;;;;;;;;;;;;;3;;;;;;;;;;;;;;;;;;4;;;;;;;;;;;2;;;;;;;;;;;;;;;;;;;;1;4;;;;1;;2;;;;;;;;;;;;;;;;;;;;;;;;;;;;;;;;;;;;;;;;;;;;;;;;;;;;;;;;;;;;;;;;;;;;;;;;;;;;;;;;;;;;;1;;2;5;;1;;;1;;;;;;;;;;;;;;;;;;;;;;;;;;;;;;;;;;;;;;;;;;;;;;;;;;;;;;;;;;;;;;;;;;;;;;;;;;;;;;;;;;;1;;;;1;1;;;;;;;;;;;;;;;;;;;;;;;;;;;;;;;;;;;;;;;;;;;;;;;;;;;;;;;;;;;;;;;;;;;;;;;;;;;;;;;;;;;;;;;;;;;;;;;;1;;5;1;;6;2;;;;;;;;;;;;;;;;;;;;;;;;1;;;;;;;;;;;;;;;;;;;;;;;;;;;;;;;;;;;;;;;;;;;;;1;;;;;;;;;;;;;;;;;;;;;;;;;;;;;;;;;;;;;;;;;;;;;;;;2;;;;;;;1;;;;;;;;;;;;;;;2;;;;;;;;;;;;;;;1;;;;;;;;;;;;;;;;;;;;;;;;;;;;;;2;5;2;;;;21;8;1;1;;1;6;2;1;;;1;3;1;;;;;;;;;;;;;;;1;;1;;;;2;;;1;;;;;;;;;;;;;;;;1;;;;2;2;;;1;;;;;;;1;;;;;;;;;;;;;2;2;;;;;;;;;;;;;;;;;;;;;;;;;1;;;;;1;;;;3;;;;;;;;;;;;;;;;;;;;;;;;;;;5;;;;;;;;;;;;;;;;;;;;;1;;;;;;;;;;;;2;;;;;5;4;24;9;1;2;6;28;33;2;2;4;;;;6;2;;;2;12;;;;;;;;;;;;;;;;3;;;;14;;;;;;;;;;;;1;;3;;;1;;;;;;;1;;;;;;;;;;;;;;;;;;2;3;;;;;;;2;;;2;3;3;;1;;;;;;;2;;;;;;;;;;;;;;;;;;;;;1;;;;;1;;;;;;;;;;;;;;;;;;;;;;;;;;;;;;;;;;;;;;;;1;;;;;;;;;;;;;;;;;;;;;;;;;;;;;;;;;;;;;;;;;;;;;;;;;;;;;;;;;;;;;;;;;;;;;;;;;;;;;;;;;;;;;;;;;;;;;;;;;;;;;;;;;;;;;;;;;;;;;;;;;;;;;;;;;;;;;;;;;;;;;;;;;;;;;;;;;;;;;;;;;;;;;;;;;;;;;;;;;;;;;;;;;;;;;3;;;;;;;;;;;;;;;;;;;;;;;;;;1;;;;;;;;;;;;;;;;;;;;
The_fl;;;;;;;;;;;;;;;;;;;;;;;;;;;;;;;;;;;;;;;;;;;;;;;;;;;;;;;;;;;;;;;;;;;;;;;;;;;;;;;;;;;;;;;;;;;;;;;;;;;;;;;;;;;;;;;;;;;;;;;;;;;;;;;;;;;;;;;;;;;;;;;;;;;;;;;;;;;;;;;;;;;;;;;;;;3;1;;;2;1;;6;1;7;41;77;98;33;165;240;;3;12;;105;120;32;4;7;39;195;163;51;192;128;;;1;;;;2;;1;;;;;;6;14;98;3;;11;53;2;1;2;8;22;;83;8;3;8;5;2;3;2;;2;1;;;;;;;;;;;;;;;;;;;;;;;;;;;;;;;;;;;;;;;;;;;;;;;;;;;;;;;;;;;;;;;;;;;;;;;;;;;;;;;;;1;;2;;;;2;1;3;242;114;95;30;61;72;20;21;18;4;4;7;10;27;20;;;;;;;;;;;;;;;;;;;;;;;;;;;;;;;;;;;;;;;;;;;;;1;;;;15;;;1;;1;;1;1;;;;;;;;;;;;;;;;;;;;;;;;;;;;;;;;3;3;6;12;3;152;4;24;330;36;472;167;73;72;9;6;59;;;;;;;;;;;;;;;;;;;;;;;;;;;;;;;;;;;;1;;;;;;;;;4;;;2;1;1;;;;;;;;;;;;;;;;;;;;;;;;;;;;;;;;;;;;;;;;;5;;;;2;11;2;;;;;;;;;;;;;;;;;;;;;;;;;;;;;;;;;;;;;;;;;;;;;;;;;;;;;;;;;;;;;;;;;;;;;;;;;;;;;;;;;;;;;;;;;;;;;;;;;;;;;;2;;;;;54;76;4;50;16;67;22;138;108;79;148;218;165;160;106;338;332;218;;14;3;2;12;1;;;;;;;;;;;;;;;;;;;;;;;;;;;;;;;1;;;;6;;;;;3;;;;;17;;;;;;;;;;;;;;;;;;;;;;;;;;;;;;;;;;;;;;;;;;;;;;;;;;1;1;;;;;;;;;;;;;;;;;;;;;;;;;;;;;;;;;;;;;;;;;;;;;;;2;;;;;;;;;;;;;;;;;;;;;;;;;;;;;;;;;;;;;;;;;;;;;;;;;;;;;;;;;;;;;;;;;;;;;;;;;;;;;1;12;;1;23;4;9;5;14;287;142;478;350;292;461;345;421;279;;;;;;;;;;;;;;;;;;1;;;3;25;6;1;34;2;39;27;230;49;13;26;;;;;;;;;;;;;;;;;;;;;;;;;;;;;;;;;1;;;;;;;;;;;;;;;;;;;;;;;;;;;;;;;;;;;;;;;;;;;;;;;;;;;;;;;;;;;;;;;;;;;;;;;;;;;;;;;;;;;;;;;;;;;;;;;;;;;;;;;;;;;;;;;;;;;;;;;;;;;;;;;;;;;;;;;;;;;;;;;;;;;;;;;;;;;;;;;;;;;;;;;;;;;1;;;;;;;1;;;;;;;;;;;;;;;;;;;;;;;;;;;;;;;;;;;;;;;;;;;;;;;;;;;;;;;;;;;;;;;;;;;;;;;;;;;;;;;;;;;;;;;;;;;;;;;;;;;;;;;;;;;;;;;;;;;;;;;;;;;;;;;;;;;;;;;;;;;;;;;;;;;;;;;;;;;;;;;;;;;;;;;;;;;;;;;;;;;;;;;;;;;;;;;;;;;;;;;;;;;;;;;;;;;;;;;;;;;;;;;;;;;;;;;;;;;;;;;;;;;;;;;;;;;;;;;;;;;;;;;;;;;;;;;;;;;;;;;;;;;;;;;;;;;;;;;;;;;;;;;;;;;;;;;;;;;;;;;;;;;;;;;;;;;;;;;;;;;;;;;;;;;;;;;;;59;50;88;154;166;153;301;11;12;39;85;21;19;41;30;107;52;148;174;31;16;97;28;41;114;;;;;;;119;189;380;146;151;138;78;246;143;57;49;63;26;41;154;215;95;17;81;227;263;263;361;209;177;277;;;;;;;;;;;;;;;1;;1;;;;;;;1;56;21;1;51;89;31;88;13;;;;;;;;;;;;;;;;;;;;;4;;;407;319;396;264;279;;19;31;182;;;;;;;;;;;;;;;;;;;;;;;;;;;;;;;;;;;;;;;;;;;;;;;;;;;;;;;;;;;;;;;;;;;;;;;;;
Hai_ac;;;;;;;;;24;11;7;;;;;1;1;5;24;3;2;1;;4;23;23;;1;;1;7;;3;6;3;77;85;103;2;3;1;17;28;9;3;2;3;31;70;110;5;;2;18;49;8;54;60;32;1;23;5;1;;2;15;37;38;;1;;11;25;20;;;;6;;;;1;4;133;323;31;;;;;;;;;;1;;;;;1;;;22;23;5;5;4;5;1;4;7;;;25;3;;;;;42;3;65;1;1;;9;;1;12;6;14;;;;8;10;3;;;;2;2;4;4;1;1;5;2;50;;;;;;;8;1;4;26;33;123;6;1;;5;;;;1;1;;3;4;10;26;6;1;2;;;;1;;6;;;1;2;;1;1;5;2;;1;;1;;;;;;1;4;1;;1;;;3;2;;;81;39;15;;2;;10;8;;;;;12;8;499;4;3;1;;;1;;;;;1;2;11;;7;7;4;7;7;;2;2;1;3;;;3;;;;;;;6;15;17;1;3;13;11;18;21;;1;2;;;;;1;1;5;3;2;26;17;;178;114;19;;;;;;1;14;43;54;4;1;4;12;13;7;;2;1;;;;;;8;;1;;2;2;;;;;1;;;;;;;;2;1;2;28;4;9;;;;;;;;;1;;;;;1;;;;;;;;;;;;7;;2;;;;;145;438;257;3;;;;;;;;;;;;;;;5;1;;;;;;;;;;;;;;;1;1;;;;;;;;;;;;;;;;;3;;;;;;;;;;1;;;;;3;;;;;;;3;;;;;;;;;;;;;;;;;1;;2;;1;;;;;;1;;;;;1;;;3;9;6;2;;;1;1;;;;;;;;;;;;1;;;;;;;;;2;;;;;;;;;;1;;;;;;;;;;;;;;18;5;1;2;1;13;;;;8;2;2;;;;;;;;;;;;;;;;;2;1;12;4;30;5;2;2;;;7;;;;;;2;;2;;1;;;;;;;;;;;;;;;;;9;23;19;2;1;1;1;2;21;;;1;3;;;;;;;;;;;;;;;;;;;;;;;;;;;18;62;17;1;2;;22;120;14;;1;;;;;;;1;;3;;8;;;;;;;1;1;2;;;;;;;;;;;;;;;;;;;;;3;;;;1;;;;;;;;;;;;1;2;4;;;1;21;25;137;;;;;11;2;118;17;;2;;6;1;;;;;;;;2;5;17;15;2;1;79;1;1;160;28;20;10;;5;1;1;;;;;;;;2;9;20;1;4;8;1;3;2;;;1;4;3;1;;;;1;1;5;;;;1;;;1;;1;;;;;;;;4;;;;;;1;;;5;2;1;;23;;6;31;;2;1;1;1;;;1;16;;;;16;;1;1;8;15;6;;;;2;12;;5;2;1;1;;;;;;;;;;;5;1;;;;;;;;;;;;;;;;;;;2;;;;;;;;;;;;;;;;;;;1;;;;;;;;;;;;;;1;;;;;;1;;;;;;;;;;;;20;3;34;4;34;46;12;42;;;;;;;;;;1;;;;1;;;;;;;;;4;;;;;;;;;;;;;;33;;;;;1;6;;;;;;;;;;13;5;5;;;;;;1;;15;10;1;1;;9;4;3;;2;;19;6;1;4;40;587;1;2;5;1;1;1;;;3;;;1;;5;;3;61;17;;;;18;;4;31;4;124;84;123;95;;;;9;2;72;28;3;2;;10;1;;5;;;;3;9;;4;11;8;167;9;24;3;;2;28;31;14;;1;;8;1;13;1;2;;14;174;242;;;;1;;;1;4;4;3;33;29;;;;16;5;;;;1;;;;;;;;;19;82;31;;;;;;;;;;;;;;;;1;;1;;1;2;;1;;;;2;8;1;21;3;116;17;32;15;271;108;112;125;132;184;109;4;39;9;5;6;10;317;174;;;;;;;;;;1;8;;2;1;2;;;1;;;;;;;;;1;8;2;2;5;4;9;24;14;9;;;;;;;;;;;;;;;;;;;;;;;;;;;;;;;;;13;;;1;;;;;;;;;;;;;;;;;;;;;;;;;;;;;;;;;;;;;;;;3;;1;19;16;29;;;;;;;;;;;;;;;;8;2;18;16;81;13;23;4;149;449;211;;;;3;15;18;1;;;1;23;12;21;23;12;6;8;1;1;;1;;11;25;29;;7;16;57;89;49;;7;70;13;79;112;;;;;1;2;5;6;12;64;25;22;15;1;;24;1;;;;;;;7;14;1;;;;;;;;;;;;;;;;;;1;;;;;;;13;18;5;5;;2;3;1;1;;;2;4;13;;1;;59;216;157;;;;3;3;1;;;;29;1;11;2;17;23;5;29;10;;;;1;;;;;;;;;1;;;;;;;;1;;;;;;;;;;2;;;;;;1;;;;;;;;;;;;;;;;;;;;;;;;;;;;;;;;;;;;;;;;;4;2;4;2;;;;;;;;;;;;;;;;;;;;;;;1;1;1;;;;1;1;3;2;;;;;;2;;;;;;;;;;;;;1;;;;;;;;;;1;;3;;;;;;;;;;;;;;;;;;;;;;;;;;;;;;;;;;;;;;;;;;;;;;;;;;;;;;;;;;;;;;1;;;1;;;;;;1;;;;;;;11;1;8;2;58;43;6;2;3;220;278;166;;;;;;;;;;;;3;;10;2;;58;12;9;;;;;;;2;4;12;255;217;132;;4;1;144;61;46;;
Phy_fo;;;;;;;;;;;;;;;;;;;;;;;;;;;;;;;;;;;;;;;;;;;;;;;;;;;;;;;;;;;;;;;;;;;;;;;;;;;;;;;;;;;;;;;;;;;;;;;;;;;4;;;;;1;;2;5;3;14;7;2;5;;;;;;;;;;;;;;;;;;;;;;;;;;;;;;;;;;;;;;;;;;;;;;;;;;;;;;;;;;;;;;;;;;;;;;;;;;;;;;;;;;;;;;;;;;;;;;;;;;;;;;;;;;;;;;;;;;;;;;;;;;;;;;;;;;;;;;;;;;;;;;;;;;;;;1;;;;;;;;;;;;;;;;;;;;;;;;;;;;;;;;;;;;;;;;;;;;;;;;;;;;;;;;;;;;;;;;;;;;;;;;;;;;;;;;;;;;;;;;;;;;;;;;;;;;;;;;;;;;;;;;;;;;;;;;;;;;;;;;;;;;;;;;;;;;;;;;;;;;;;;;;;;;;;;;;;;;;;;;;;;;;;;;;;;;;;;;;;;;;;;;;;;;;;;;;;;;;;;;;;;;;;;;;;;;;;;;;;;;;;;;;;;;;;;;;;;;;;;;;;;;;;;;;;;;;;;;;;;;;;;;;;;;;;;;;;;;;;;;;;;;;;;;;;;;;;;;;;1;;;;;;;;;;;;;;;;;;;;;;;;;;;;;;;;;;;;;;;;;;;;;;;;;;;;;;;;;;;;;;;;;;;;;;;;;;;;;;;;;;;;;;;;;;;;;;;;;;;;;;;;;;;;;;;;;;;;;;;;;;;;;;;;;;;;;;;;;;;;;;;;;;;;;;;;;;;;;;;;;;;;;;;;;;;;;;;;;;;;;;;;;;;;;;;;;;;;;;;;;;;;;;;;;;;;;;;;;;;;;;;;;;;;;;;;;;;;;;;;1;;;;;;;;;;;;;;;;;;;;;;;;;;;;;;;;;;;;;;;;;;;;;;;;;;;;;;;;;;;;;;;;;;;;;;;;;;;;;;;;;;;;;;;;;;;;;;;;;;;;;;;;;;;;;;;;;;;;;;;;;;;;;;;;;;;;;;;;;;;;;;;;3;;;;;;;;;;;;;;;;;;;;;;;;;;;;;;;;;;;;;;;;;;;;;;;;;;;;;;;;;;;;;;;;;;;;;;;;;;;;;;;;;;;;;;;;;;;;;;;;;;;;;;;;;;;;;;;;;;;;;;;;;;;;;;;;;;;;;;;;;;;;;;;;;;;;;;;;;;;;;;;;;;;;;;;;;;;;;;;;;;;;;;;;;;;;;;;;;;;;;;;;;;;;;;;;;;;1;2;;;;;;;;;;;;;;;;;;;;;;;;;;;;;;;;;;5;1;7;1;2;2;;;1;;;;;;;;;;;;;;4;2;;;;;;;;;;;;;;1;1;;;;;;;;;;;;;;;;;;;;;;;;;;;;;;;;;;;;;;;;;;;;;;;;;;;;;;;;;;;;;;;;;;;;;;;;;;;;;;;;;;;;;;;;;;;;;;;;;;;;;;;;;;;;;;;;;;;;;;;;;;;;;;;;;;;;;;;;;;;;;;;;;;;;;;;;;;;;;;;;;;;;;;;;;;;;;;;;;;;;;;;;;;;;;;;;;;;;;;;;;;;;;;;;;;;;;;;3;6;1;14;14;12;;;;1;2;3;;;;;;;1;;;;;1;1;1;;;1;;1;;;;;;;;;;;;;;;;;;;;1;;;;;;;;;;;;;;;;;;;;;;;;;;;;;;;;;;;;;;;;;;;;;;;;;;;;;;;;;;;;;;;;;;;;;;;;;;;;;;;;;;;;;;;;;;;;;;;;;;;;;;;;;;;;;;;;;;;;;;;;;;;;;;;;;;;;;;;;;;;;;;;;;;;;;;;;;;;;;;;;;;;;;;;;;;;;;;;;;;;;;;;;;;;;;;;;;;;;;;;;
Ani_sp;;;;;;;;;;;;;;;;;;;;;;;;;;;;;;;;;;;;;;;;;;;;;;;;;;;;;;;;;;;;;;;;;;;;;;;;;;;;;;;;;;;;;;;;;;;;;;;;;;;;;;;;;;;;;;;;;;;;;;;;;;;;;;;;;;;;;;;;;;;;;;;;;;;;;;;;;;;;;;;;;;;;;;;;;;;;;;;;;;;;;;;;;;;;;;;;;;;;;;;;;;;;;;;;;;;;;;;;;;;;;;;;;;;;;;;;;;;;;;;;;;;;;;;;;;;;;;;;;;;;;;;;;;;;;;;;;;;;;;;;;;;;;;;;;;;;;;;;;;;;;;;;;;;;;;;;;;;;;;;;;;;;;;;;;;;;;;;;;;;;;;;;;;;;;;;;;;;;;;;;;;;;;;;;;;;;;;;;;;;;;;;;;;;;;;;;;;;;;;;;;;;;;;;;;;;;;;;;;;;;;;;;;;;;;;;;;;;;;;;;;;;;;;;;;;;;;;;;;;;;;;;;;;;;;;;;;;;;;;;;;;;;;;;;;;;;;;;;;;;;;;;;;;;;;;;;;;;;;;;;;;;;;;;;;;;;;;;;;;;;;;;;;;;;;;;;;;;;;;;;;;;;;;;;;;;;;;;;;;;;;;;;;;;;;;;;;;;;;;;;;;;;;;;;;;;;;;;;;;;;;;;;;;;;;;;;;;;;;;;;;;;;;;;;;;;;;;;;;;;;;;;;;;;;;;;;;;;;;;;;;;;;;;;;;;;;;;;;;;;;;;;;;;;;;;;;;;;;;;;;;;;;;;;;;;;;;;;;;;;;;;;;;;;;;;;;;;;;;;;;;;;;;;;;;;;;;;;;;;;;;;;;;;;;;;;;;;;;;;;;;;;;;;;;;;;;;;;;;;;;;;;;;;;;;;;;;;;;;;;;;;;;;;;;;;;;;;;;;;;;;;;;;;;;;;;;;;;;;;;;;;;;;;;;;;;;;;;;;;;;;;;;;;;;;;;;;;;;;;;;;;;;;;;;;;;;;;;;;;;;;;;;;;;1;;;;;;;;;;;;;;;;;;;;;;;;;;;;;;;;;;;;;;;;;;;;;;;;;;;;;;;;;;;;;;;;;;;;;;;;;;;;;;;;;;;;;;;;;;;;;;;;;;;;;;;;;;;;;;;;;;;;;;;;;;;;;;;;;;;;;;;;;;;;;;;;;;;;;;;;;;;;;;;;;;;;;;;;;;;;;;;;;;;;;;;;;;;;;;;;;;;;;;;;;;;;;;;;;;;;;;;;;;;;;;;;;;;;;;;;;;;;;;;;;;;;;;1;;;;;;;;;;;;;;;;;;;;;;;;;;;;;;;;;;;;;;;;;;;;;;;;;;;;;;;;;;;;;;;;;;;;;;;;;;;;;;;;;;;;;;;;;;;;;;;;;;;;;;;;;;;;;;;;;;;;;;;;;;;;;;;;;;;;;;;;;;;;;;;;;;;;;;;;;;;;;;;;;;;;;;;;;;;;;;;;;;;;;;;;;;;;;;;;;;;;;;;;;;;;;;;;;;;;;;;;;;;;;;;;;;;;;;;;;;;;;;;;;;;;;;;;;;;;;;;;;;;;;;;;;;;;;;;;;;;;;;;;;;;;;;;;;;;;;;;;;;;;;;;;;;;;;;;;;;;;;;;;;;;;;;;;;;;;;;;;;;;;;;;;;;;;;;;;;;;;;;;;;;;;;;;;;;;;;;;;;;;;;;;;;;;;;;;;;;;;;;;;;;;;;;;;;;;;;;;;;;;;;;;;;;;;;;;;;;;;;;;;;;;;;;;;;;;;;;;;;;;;;;;;;;;;;;;;;;;;;;;;;;;;;;;;;;;;;;;;;;;;;;;;;;;
Ani_vo;;1;;1;;;;;;;;;;;;;;;;;;;;;;;;;;;;;;;;;;;;;;;;;1;;;;1;2;1;3;4;1;6;;;;;;;;;;;;;;;;;;;;1;;;8;;22;2;2;3;99;201;10;6;1;12;3;3;1;4;7;6;7;2;32;21;16;;3;2;82;8;11;60;35;51;59;58;257;;;;;;;;;;;;;;;;;;;;;;;;;;1;;;2;2;2;;2;3;4;;3;20;;;;;;;3;1;5;;4;2;2;;10;15;10;;;;;;;;;;;;;;;;;;;;;;;;;;;;;;;;;;;;;;;;;;;;;;;;;;;;;;;;;;;;;;;;;;;;;;;;;;;;;;;;;;;;;;;;;;;;;;;;;;;;;;;;;;;;;;;;;;;;;;;;;;;2;;1;;;;;;;;;;;;;;;;;;;;;;;;;;;;;;;;;;;;;;;;;;;;;;;;;;;;;;;;;;;;;;;;;;;;;;;;;;;;;;;;;;;;;;;;;;;;;;;;;;;;;;;;;;;;;;;;;;;;;;;;;;;;;;;;;;;;;;;;;;;;;;;;;;;;;;;;;;;;;;;;;;;;;;;;;;;;;;;;;;;;;;;;;;;;;;;;;;;;;;;;;;;;;;;;;;;;;;;;;;;;;;;;;;;;;;;;;;;;;;;;;;;;;1;;;;;;;2;;;;;;;1;;;;;1;;;;;;1;1;;;;8;;;;;;;;;3;;;;6;3;1;3;;6;27;13;32;3;7;9;1;;;4;3;10;1;7;;5;13;89;;;;;;;;;;;;;;;;1;1;;;3;4;;;1;1;3;;2;1;1;27;75;21;3;;;9;11;;;;;;;;;;;;;;;;;;;;;;;;;;;;;;;;;;;;;;;;;;;;;;;;;;;;;;;;;;;;;;;;;;;;;;;;;;;;;;;;;;;;;;;;;;;;;;;;;;;;;;;;;;;;;;;;;;;;;;;;;;;;;;;;;;;;;;;;;;;;;;;;;;;;;;;;;;;;;;;;;;;;;;;;;;;;;;;;;;;;;;;;;;;;;;;;;;;;;;;;;;;;;;;;;;;;;;;;;;;;;;;;;;;;;;;;;;;;;;;;;;;;;;;;;;;;;;;;;;;;;;;;;;;;;;;;;;;;;;;;;;;;;;;;;;;;;;;;;;;;;;;;;;;;;;;;;;;;;;;;;;;;;;;;;;;;;;;;;;;;;;;;;;;;;;;;;;;;;;;;;;;;;;;;;;;;;;;;;;;;;;;;;;;;;;;;;;;;;;;;;;;;;;;;;;;;;;;;;;;;;;;;;;;;;;;;;;;;;;;;;;;;;;;;;;;;;;;;;;;1;;;;;;;;;;;3;1;2;8;4;;1;1;;;;;2;;;;;2;;;;;;;;;;;;;;;;;;;;;;;;;;;;;;;;;;;;;;;;;;;;;;;;;;;;;;;;;;;;1;;;;;;;;;;;;;;;;;;;;;;;;;;;;;;;;;;;;;;;1;;;;;;;;;;;;;;;;;;;;;;;;;;;;;;;;;;;;;;;;;;;;;;;;;;;;;;;;;;;;;;;;;;;;;;;;;;;;;;;;;;;;;;;;;;;;;;;;;;;;;;;;;;;;;;;;;;;;;;;;;;;;;;;;;;;;;;;;;;;;;;;;;;;;;;;;;;;;;;;;;;;;;;;;;;;;;;;;;;;;;;;;;;;;;;;;;;;;;;;;;;;;;;;;;;;;;;;;;;;;;;;1;;;;;;;;1;;;;;;;;;;;;;;;;;;;;;1;;2;;;;;;;;;;;;;;2;;;7;20;9;;;1;1;;1;;;;;;;;;;;;;;;;;;;;;;;;;;;;;;;;;;;;;;;;;;;;;;;;;;;;;;;;;;;;;;;;;;;;;;;;;;;;;;;;;;;;;;;;;;;;;;;;;;;;;;;;;;;;;;;;;;;;;;;;;;;;;;;;;;;2;3;;;2;;4;;;;;3;1;;;;;;;;;;;;;1;4;;1;;;;;;;;1;;;1;;2;3;13;1;;;;;;;;;;;;;;;;;;;
Ani_vo;;;;;;;;;;;;;;;;;;;;;;;;;;;;;;;;;;;;;;;;;;;;;;;;;;;;;;;;;;;;;;;;;;;;;;;;;;;;;;;;;;;;;;;;;;;;;;;;;;;;;;;;;;;;;;;;;;;;;;;;;;;;;;;;;;;;;;;;;;;;;;;;;;;;;;;;;;;;;;;;;;;;;;;;;;;;;;;;;;;;;;;;;;;;;;;;;;;;;;;;;;;;;;;;;;;;;;;;;;;;;;;;;;;;;;;;;;;;;;;;;;;;;;;;;;;;;;;;;166;150;20;;2;9;12;15;28;;;;1;2;2;1;59;1;2;6;2;76;37;20;519;275;1198;98;191;584;51;63;66;4;;;1;;4;1;4;1;;;;;;;;;;;;;;;;;;;;;;;;;;;;;;;;;;;;;;;;;;;;;;;;;;;;;;;;;;;;;;;;;;;;;;;;;;;;;;;;;;;;;;;;;;;;;;;;;;;;;;;;;;;;;;;;;;;;;;;;;;;;;;;;;;;;;;;;;;;;;;;;;;;;;;;;;;;;;;;;;;;;;;;;;;;;;;;;;;;;;;;;;;;;;;;;;;;;;;;;;;;;;;;;;;;;;;;;;;;;;;;;;;;;;;;;;;;;;;;;;;;;;;;;;;;;;;;;;;;;;;;;;;;;;;;;;;;;;;;;;;;;;;;;;;;;;;;;;;;;;;;;;;;;;;;;;;;;;;;;;;;;;;;;;;;;;;;;;;;;;;;;;;;;;;;;;;;;;;;;;;;;;;;;;;;;;;;;;;;;;;;;;;;;;;;;;;;;;;;;;;;;;;;;;;;;;;;;;;;;;;;;;;;;;;;;;;;;;;;;;;;;;;;;;;;;;;;;;;;;;;;;;;;;;;;;;;;;;;;;;;;;;;;;;;;;;;;;;;;;;;;;;;;;;;;;;;;;;;;;;;;;;;;;;;;;;;;;;;;;;;;;;;;;;;;;;;;;;;;;;;;;;;;;;;;;;;;;;;;;;;;;;;;;;;;;;;;;;;;;;;;;;;;;;;;;;;;;;;;;;;;;;;;;;;;;;;;;;;;;;;;;;;;;;;;;;;;;;;;;;;;;;;;;;;;;;;;;;;;;;;;;;;;;;;;;;;;;;;;;;;;;;;;;;;;;;;;;;;;;;;;;;;;;;;;;;;;;;;;;;;;;;;;;;;;;;;;;;;;;;;;;;;;;;;;;;;;;;;;;;;;;;;;;;;;;;;;;;;;;;;;;;;;;;;;;;;;;;;;;;;;;;;;;;;;;;;;;;;;;;;;;;;;;;;;;;;;;;;;;;;;;;;;;;;;;;;;;;;;;;;;;;;;;;;;;;;;;;;;;;;;;;;;;;;;;;;;;;;;;;;;;;;;;;;;;;;;;;;10;7;3;36;56;48;174;271;312;;;;1;;;;;;;;;;;;;;;;;;;;;;;1;;;;;;;;;;;4;6;1;;;1;;;5;;78;267;40;734;418;411;6;14;6;11;38;50;5;;6;6;31;31;;;1;;4;14;;;;;1;;;;;1;2;1;;;;;;;;;;;;2;1;2;1;4;9;9;43;;;10;27;6;6;;;;;;;;;;;;;;;;;;;;2;;;;;;;;;;;;;;;;;;;;;;;;;;;;;;;;;;;;;;;;;;;;;;;;;;;;;;;;;;;;;;;;1;;;1;1;;;;4;4;2;;2;3;25;36;151;27;74;41;11;32;12;13;17;20;3;3;4;3;;2;;;;2;;;;;3;1;;4;;;;2;3;4;;;2;1;;;1;;;23;2;3;1;;2;;;;;;;;;;;;;;;;;;;;;;;;;;;;;;;;;;;;;;;;;;;;;;;;;;;;;;;;;;;;;;;;;;;;;;;;;;;;;;;;;;;;;;;;;;;;;;;;;;;;;;;;;;;;;;;;;;;;;;;;;;;;;;;;;;;;;;;;;3;25;31;56;11;18;23;35;16;2;;8;4;48;20;56;2;25;22;166;242;29;381;218;145;74;47;78;39;100;300;546;112;138;37;106;14;2;11;23;15;37;17;9;6;19;58;;44;2;;;3;1;1;1;3;54;165;83;13;16;;
Fer_cl;;;;;;;;;;;;;;;;;;;;;;;;;;;;;;;7;;15;;1;;;3;9;2;;3;;;;1;;;;28;6;;;;;;;;1;;;;;;;;;;;;;;;;;;;;;;;;;;;;;;;;;;;;;;;;;;;;;;;;;;;;;;;;;;;;;;;;;;;;;;;;;;;;;;;;;;;;;;;;;;;;;;;;;;;;;;;;;;;;;;;;;;;;;;;;;;;;;;;;;;;;;;;;;;;1;;;;;;;;;;;;;;;;;;;;;;;;;;;;;;;;;;;;;;;;;;;;;;;;;;;;;;;;;;;;;;;;;;;;;;;;;;;;;;;;;;;;;;;;;;;;;;;;;;;;;;;;;1;;;;;;;;;;;;;;;;;;;;;;;;;;;;;;;;;;;;;;;;;;;;;;;;;;;;;;;;;;;;;;;;;;;;;;;;;;;;;;;;;;;;;;;;;;;;;;;;;;;;;;;;;;;;;;;;;;;;;;;;;;;;;;;;1;;;;;;;;;;;;;;;;;;;;;;;;;;;;;;;;;;;;;;;;;;;;;;;;;;;;;;;;;;;;;;;;;;;;;;;;;;;;;;;;;;;;;;;;;;;;;;;;;;;;;;;;;;;;;;;;;;;;;;;;;;;;;;;;;;;;;;;;;;;;;;;;;;;;;;;;;;;;;;;;;;;;;;;;;;;;;;;;;;;;;;;;;;;;;;;;;;;;;;;;;;;;;;;;;;;;;;;;;;;;;;;;;;;;;;;;;;;;;;;;;;;;;;;;;;;;;;;;;;;;;;;;;;;;;;;;;;;;;;;;;;;;;;;;;;;;;;;;;;;;;;;;;;;;;;;;;;;;;;;;;;;;;;;;;;;;;;;;;;;;;;;;;;;;;;;;1;;;;;;;;;;;;;;;;;;;;;;;;;;;;;;;;;;;;;;;;;;;;;;;;;;;;;;;;;;;;;;;;;;;;;;;;;;1;1;;;;;;;;;;;;;;;;;;;;;;;;;;;;;;;;;;;;;;;;;;;;;;;;;;;;;;;;;;;;;;;;;;;;;;;;;;;;;;;;;;;;;;;;;;;;;;;;;;;;;;;;;;;;1;1;2;;;;;;;;;;;;;;;;;;;;;;;;;;;;;;;;;;;;;;;;;;;;;;;;;;;;;;;;;;;;;;;;;;;;;;;;;;;;;;;;;;;;;;;;;;1;;;;;;;;;;;;;;1;1;;;;;;;;;;;;;;;;;;;;;;;;;;;;;;;;;;;;;;;;;;;;;;;;;;;;;;;;;;;;;;;;;;;;;;23;1;2;;;;4;11;43;;;;;;;;;;;;;;;;;;;;;;;;;;;;;;;;;;;;;;;1;;;;;;;;;;;;;;;;;;;;;;;;;;;;;;;;;;;;;;;;;;;;;;;;;;;;;;;;;;;;;;;;;;;;;;;;;;;;;;;;;;;;;;;;;;;;;;;;;;;;;;;;;;;;;;;;;;;;;;;;;;;;;;1;1;;1;;;;;;;;;;;2;2;;;7;;1;9;2;17;73;;;;;;;;;;;;;;;;;;;;;;;;;;;;;;;;;;;;;;;;;;;;;;;;;;;;;;;;2;;;;;;;;;;;;;3;;;;1;;;;;;;;;;1;30;;;2;;;;;;;;;;;;;;;;;;;;;;;;;;;;;;;;1;;;;;;;;;;;;;;;;;;;;;;;;;;;;;;;;;;;;;;;;;;;;;;;;;;;;;;;;;;;;;;;;;;;;;;;;;;;;;;;;;;;;;;;;;;;;;;;;;;;;;;;;;;;;;;;;;;;;;;;;;;;;;;;;;;;;;;;;;;;;;;;;;;;;;;;;;;;;;;;;;;;;;;;;;;;;;;;;;;;;;;;;;;;;;;;;;;;;;;;;;;;;;;;;;;;;;;;;;;;;;;;;;;;;;;;;;;;;;;;;;
Gyr_al;33;;44;;2;;1;;;;;3;1;;1;;;5;;;10;2;2;45;9;5;;;;;1;;;4;;;;;;;;;2;1;;;;3;;;;;;;;;;;;;;;;4;;;1;;;1;4;5;13;11;1;4;6;40;11;26;43;12;54;12;45;9;;;;1;1;;;;6;3;18;;4;3;;1;;99;44;2;29;1;13;1;3;;5;1;2;23;;;;;2;;3;3;5;;3;2;1;3;4;6;;1;;7;3;30;4;3;2;2;1;;;2;1;3;5;48;;1;;;;;11;2;2;12;8;36;5;10;10;11;3;8;;;;;;1;;;;;1;;;;;;;;;;23;3;;2;2;13;4;14;11;3;;1;2;5;1;;3;3;;;1;;;;;;127;26;1;;1;;;;;;1;3;9;6;22;;16;9;7;18;6;;2;12;2;5;1;;;;1;1;;;;;5;6;1;;;;;;;;;;;;;;;1;;;;;;;;;;;;;;;;;;;;;;;;;;;;;;;;;;;;;;;;;;;;1;;;;;;;;;;;;;;;;;;;;1;1;13;2;1;;;;;;1;;;;;;;2;;1;;;;;;1;;;;7;6;;8;;;;;;;;;;;;;;;;;;;;;;;;;;1;10;1;;;;;;;;;;;;;;;;;;;;;1;;;;;;;;;;;;;;;;;;;;;;;;;;;2;;;;;;;;;;;;;;;;;;;;;2;;2;;;;;;;;;;;;;;;;;;;;;;;;;;;;;;;;1;;1;;;;;;;;;1;;;1;;;;;;;;;;;;;;;;;;;;;;1;;5;;24;18;78;5;137;109;32;1;1;1;;1;;;;;;;;24;6;18;3;3;4;7;8;39;;1;;;5;1;;1;;1;;11;;;1;3;2;34;29;9;5;3;9;6;12;11;1;2;2;;;1;8;3;1;7;22;4;2;4;18;2;;;;;;;;3;;1;3;6;7;7;23;1;18;1;8;5;1;1;2;;2;2;7;7;4;49;;88;;1;7;2;2;;;;;;;;;;;;;;;;;;;;;;;;;;;;;;;;;;;;;;;;;;;;;;;;;;;;;;;;;;;;;;;;;;1;;;;;;13;;;77;2;;;;;;;;;;;;;;;;;;;1;;;;;;;;;;;;;;;;;;;;;;;;;;;;;;;;;;;;;;;;;;;;;;;;;;;;;;;;;;;;;;;;;;;;;;;;;;;;;;;;;;;;;;;;;;;;;;;9;;;2;;;;;;;;;;;;;;;;;;;;;;;;;;;;;;;;;;;;;;;;;;;;;;;;;;;;;6;;;;6;;;;;;;;;;;;;;;2;;;;;;;;;1;;;;;1;;;2;;;;;;;;;;;;;;;;;;;;;;;;;;;;1;;;;;;;;;;;;;;;;;;;;;;;;;;;;;;;;;;;;;;;;;;;;;;;;;;;;;;;;;;;;;;;;;;;;;;;;;;;;;;;;;;;;;;;;;;9;;;;;;;1;;;1;9;1;;1;;;;;;;;;;1;;5;;;;;;;;;4;1;;7;;;;;;9;17;8;2;10;3;11;1;8;9;;;1;;19;7;;;1;;;2;;;2;;;;;;1;;;;;;;;;;;;;;;;;;;1;;;;;;;;;;;1;4;3;;;;;;;;1;;;;;;;;;;;;9;15;11;25;11;9;;6;;1;14;6;13;4;17;15;7;5;18;20;16;4;2;12;17;18;25;23;10;7;5;14;27;3;5;3;10;11;23;25;8;3;3;49;242;9;5;9;3;8;1;;1;;4;;;23;19;54;41;60;120;15;12;67;7;7;10;;;;30;29;40;;4;12;;;;3;;;3;15;;;;;;;;;;;;;;2;;;;3;4;9;3;13;16;9;38;4;1;;1;3;;;;;;;;2;;33;40;9;84;33;41;;1;;;;;;;;;;;;;;;;;;;3;;2;;;;;;;;;;;;;1;;;;6;5;5;6;1;;2;;1;;;;;;;;8;;;16;6;12;7;;14;7;4;21;192;74;9;21;3;4;65;108;;;;;65;3;19;13;;;;3;22;;;2;5;12;1;2;1;;3;5;5;1;;4;2;1;2;3;12;12;3;60;91;122;20;5;12;;1;7;2;5;1;9;4;11;34;34;37;8;34;23;;;;;;;;;8;;;;;;;1;;;;1;;;;;;;;12;14;1;2;;;1;;4;1;;1;;;;;;;;;;;;;;;;;;;;;;;;;;;;;;;;;;;;;1;;;;;;;2;;;;1;;;;;;;;;;;;1;1;;;1;4;;;;;;;1;;;;;;;;;;;;;;;;;;;;;;;;;;;;;;;;4;7;;;;;;;1;;;;;1;1;;3;;2;;;;;;1;;1;;2;2;4;;;1;;;;;;;1;;;;;;;;;;;;;3;12;;;3;;;;;;;;;;;;;;;;;;;;;;;;;;;;;4;;5;;;;;;;;;;;;;;;;;;;;;;;;;;;;;;;;;;;;;;;;;
Gyr_cr;;;;;;;;;;;;;;;;;;;;;;;;;;;;;;;;;;;;;;;;;;;;;;;;;;;;;;;;;;;;;;;;;;;;;;;;;;;;;;;;;;;;;;;;;;;;;;;;;;;;;;;;;;;;;;;;;;;;;;;;;;;;;;;;;;;;;;;;;;;;;;;;;;;;;;;;;;;;;;;;;;;;;;;;;;;;;;;;;;;;;;;;;;;;;;;;;;;;;;;;;;;;;;;;;;;;;;;;;;;;;;;;;;;;;;;;;;;;;;;;;;;;;;;;;;;;;;;;;;;;;;;;;;;;;;;;;;;;;;;;;;;;;;;;;;;;;;;;;;;;;;;;;;;;;;;;;;;;;;;;;;;;;;;;;;;;;;;;;;;;;;;;;;;;;;;;;;;;;;;;;;;;;;;;;;;;;;;;;;;;;;;;;;;;;;;;;;;;;;;;;;;;;;;;;;;;;;;;;;;;;;;;;;;;;;;;;;;;;;;;;;;;;;;;;;;;;;;;;;;;;;;;;;;;;;;;;;;;;;;;;;;;;;;;;;;;;;;;;;;;;;;;;;;;;;;;;;;;;;;;;;;;;;;;;;;;;;;;;;;;;;;;;;;;;;;;;;;;;;;;;;;;;;;;;;;;;;;;;;;;;;;;;;;;;;;;;;;;;;;;;;;;;;;;;;;;;;;;;;;;;;;;;;;;;;;;;;;;;;;;;;;;;;;;;;;;;;;;;;;;;;;;;;;;;;;;;;;;;;;;;;;;;;;;;;;;;;;;;;;;;;;;;;;;;;;;;;;;;;;;;;;;;;;;;;;;;;;;;;;;;;;;;;;;;;;;;;;;;;;;;;;;;;;;;;;;;;;;;;;;;;;;;;;;;;;;;;;;;;;;;;;;;;;;;;;;;;;;;;;;;;;;;;;;;;;;;;;;;;;;;;;;;;;;;;;;;;;;;;;;;;;;;;;;;;;;;;;;;;;;;;;;;;;;;;;;;;;;;;;;;;;;;;;;;;;;;;;;;;;;;;;;;;;;;;;;;;;;;;;;;;;;;;;;;;;;;;;;;;;;;;;;;;;;;;;;;;;;;;;;;;;;;;;;;;;;;;;;;;;;;;;;;;;;;;;;;;;;;;;;;;;;;;;;;;;;;;;;;;;;;;;;;;;;;;;;;;;;;;;;;;;;;;;;;;;;;;;;;;;;;;;;;;;;;;;;;;;;;;;;;;;;;;;;;;;;;;;;;;;;;;;;;;;;;;;;;;;;;;;;;;;;;;;;;;;;;;;;;;;;;;;;;;;;;;;;;;;;;;;;;;;;;;;;;;;;;;;;;;;;;;;;;;;;;;;;;;;;;;;;;;;;;;;;;;;;;;;;;;;;2;;1;;;;;;4;;;;;;;;;13;9;4;;10;36;41;11;17;2;;;;8;2;1;;2;2;;;;;;;;;;;;;;;;;;;;;;;;;;;;;;;;;;;;;;;;;;;;;;;;;;;;;;;;;;;;;;;;;;;;;;;;;;;;;;;;;;;;;;;;;;;;;;;;;;;;;;;;;;;;;;;;;;;;;;;;;;;;;;;;;;;;;;;;;;;;;;;;;;;;;;;;;;;;;;;;;;;;;;;;;;;;;;;;;;;;;;;;;;;;;;;;;;;;;;;;;;;;;;;;;;;;;;;;;;;;;;;;;;;;;;;;;;;;;;;;;;;;;;;;;;;;;;;;;;;;;;;;;;;;;;;;;;;;;;;;;;;;;;;;;;;;;;;;;;;;;;;;;;;;;;;;;;;;;;;;;;;;;;;;;;;;;;;;;;;;;;;;;;;;;;;;;;;;;;;;;;;;;;;;;;;;;;;;;;;;;;;;;;;;;;;;;;;;;;;;;;;;;;;;;;;;;;;;;;;;;;;;;
Gyr_pa;;;;;;;;;107;3;122;2;20;12;6;6;13;318;239;119;;1;1;3;;;2;5;;;;;25;39;48;266;637;657;27;57;46;78;182;70;1;1;;14;111;193;81;12;35;28;26;36;45;16;5;53;163;16;1;;;4;2;;1;1;1;;4;18;;;;;;;;;;;;;;;1;;;;2;1;;;;2;;;;;;;;;;;;;;;;;;;;;;1;4;;59;3;13;26;;;;;;;2;;;;;;;;;;;;;;2;;;;;;;;;;;;;;;;;;;;;;;;;;;;;;3;1;1;;;1;1;;;;;;;;;;;;;;;;;;;;;;;;;;;;;;;;10;8;5;;;;1;;;;;;;;;;;;;;;;;;;;;;;;;;;;;;;;;;;;;;;;;;;;;;;;2;3;4;8;107;21;2;32;20;;1;1;1;;;;;;;;;;;;;;;;;;;2;4;;2;12;;;;;;;;;;;;;;;;;;;;;;;;;;;;;;1;;;;;;;;;;;;;;;;;1;;;;;;;;;;;;;;;;;;8;46;8;3;1;;;;;;;;;;;1;;;;;;;;;;;;;;;;;;;;;;;;;;;;;;;;;;;;;;;;;;;;;;;;;;;;;;;;;;;;;;;;;;;;;;;;;;;;;;;;;;;;;;;;;;;2;;;1;3;;2;;;;1;;;;;;;;;;;;;;;;;;;;;;;;;;1;;;;;;;;;;;;;;;;;;;3;;;;;;;;;2;;;;;;;;;;;;1;;;;;;;;;;;;3;;;;;;;;;;;46;1;;;;;;;;;;;;;;;;;;;;;;;;;;;;;18;70;5;20;;1;5;;;;;;;;;;;;;;;;;;;;;;;;;;;;;;;;;;;;;;;;;;;;;;;;;;;;;;;;;;;;;;;;;;;;;;;;;;;;;;;;;;;;;;;;;;;;2;1;;;;16;12;5;;;;;3;;11;2;;;;;;;;;;;;;;;;;1;;;;1;33;2;2;2;;2;4;;;;;;;;;;;2;2;12;;2;5;3;;;;4;;;;;;;;;;;;;;;;;;;;;;;;;1;;;;1;1;;;;6;;;;8;3;3;11;;;;;;;;;;;;;;;;;;;2;;;;;;;;;;;;;;;;;;;;1;;;;;;;1;;;;;1;3;1;;;;;6;3;5;;1;;;;;;;;;;;;;;;;;;;;;;;;;;1;;;;;;;;;;;;;;;;;;;;;1;;;;;;;;;;;;;;;;;;;;;;;;;;;;;;;;;;;1;7;57;;3;7;;;;;;;;;2;34;;8;1;1;;9;15;;;;;9;2;;;;;;;;;;;;;;;;;;;;16;2;1;5;16;221;;2;1;1;;;;1;;;2;12;;1;;2;9;4;;;;2;;2;10;;13;4;;;;;;6;1;10;31;14;2;1;5;1;6;3;;1;3;25;45;5;67;101;93;452;16;34;;3;7;32;3;7;;;;;4;5;26;4;;;40;180;4;10;18;;;;;;;;;;;;;;;;;;;;;;;;;;;;1;;;;;;;;;;;1;;;;;;;;1;;;;;;1;;;1;;1;;;1;71;128;13;96;24;9;209;188;361;24;3;23;5;4;8;4;232;31;;;;;;;;;;;;;;;;;;;;;;;;;;;;;;;;;;;;;;;;;;;;;;3;;;;2;3;;;1;;;;;;;;;;;;;;;;;;;;;;;;;;;;;;;;;;;;;;9;;1;2;3;216;741;198;26;60;56;102;14;145;46;20;5;;5;3;;;;;;1;;;;;;;;;;;;;;;;;;;;;4;;;3;;;;;;;;;;;;2;;;162;7;;48;48;10;38;1;1;1;7;14;33;;1;;4;4;228;1;;1;3;8;19;;;;;;;;;;;;;1;1;2;;;12;4;;;;;;;;;;;;;;;;;;;;;;;;;;;;;;;;14;15;2;3;61;57;45;37;;;;;;;1;;;;45;24;;;;;;;;;;;1;;28;25;73;5;15;1;;;;1;;;;;;;;;;;;;;;;;1;;;;;;;;;;;;;;;;;;;;;;;;;;;;;;;;;;;;;;3;;;;;;;;;;1;13;4;;;;;;;;2;7;3;;;;;;;;;;;;;;;;;;;;;;;;;;;;;;;;;;;;;;;;;;;;;;;;;;;;;;;;;;;;;;;14;1;;;;;;;;;;;;;;;;;;;;;;;;;;;;;;;;;;;;;;;;;;;;;;;;;;;;;;;;;;;;;;;;;;;;;;;;;;;;;;;;4;;15;3;;1;307;299;176;;;;;;;;;;;;;;;;;;;;;;;;;;5;;2;705;641;587;21;24;52;292;477;206;;
Hip_co;1;2;5;40;1;;1;;;;;8;;;;;;1;;;1;5;2;36;78;48;;3;2;2;12;1;35;11;3;15;5;35;47;37;4;9;8;1;5;7;4;38;79;144;37;83;86;43;43;7;;;;;;;1;;2;1;4;8;;;;;1;;2;4;14;22;5;2;140;77;160;42;64;20;81;11;39;7;5;1;7;5;4;67;2;4;7;13;1;8;6;5;1;6;58;10;;2;2;1;6;2;5;2;;;;;;;37;;2;;;;1;1;;;;;;;;4;;2;1;;3;;1;3;17;4;4;23;5;1;;2;;2;39;55;26;;1;6;;;9;4;2;2;;;;;;;;;;;;;;;;;;;;;;;;;;2;1;;1;;;;;;;;;;;;;;;;;;;;;;;;;;;;;;;;;;;;;1;;;;;;;;;;;;;;;;;;;;;;;373;384;138;1;30;43;11;7;2;2;;5;;;2;1;2;;;;;35;12;8;20;76;160;136;352;204;44;49;75;76;33;63;8;1;51;135;88;41;2;1;5;;;;2;;;;;;;;;;;;;;;;;;;;;;;;;;;;;;;;;;;;;;;;;;;;;;;;;;;;;;;;;1;;;;;;;1;;;;;;;;;;;;;;;;;;;;;;;;;;;;;;;;;;;;;;;;;;;;;;;;;;;;;;;;;;;;;;;;;;;;;;;;;;;;;;;;;;;;;;;;;;;;;;;;;;;;;;;;;;;;;;;;;;;;;;;;;;;;;;;;;;;;;;;;;;;;;;;;;;;;;;;;;4;;;;;;;;;;;;;;;4;;;;;;;;;;;;;;;;1;8;2;4;;1;;;1;3;;;;2;;;1;3;;;;6;;1;;1;;3;2;1;2;;1;1;;;;;;;;;;;;2;15;4;;2;11;;;;;;;1;;10;;;;;;1;8;1;1;;;;;;;;;;;1;;;1;;;;;;;;;;;;;;;;;;;;;;;;;;;;;;;;;;;;;;;;;;;;;;;;;;;;;;;;;;;;;;;;;;;;;;;;;;;;;;1;;;3;3;;;;;;;;;;;;;;;;;;;;;;;;;;;;;1;;;;;;;;;;;;;;;;;;;;;;;;;;;;;;;;;;;;;2;;;;;;;;;1;;;;;;;;;;;;;;;;;;;;;;;;;;;;;;;;;;;;;;;2;;;1;;9;;1;;;;;;;;;;;;;;;;;;;;;;;;;;;;;;;;;;;;;;;;;;;;;;;;1;4;;;1;4;;;;;;;;;;;;;;;;;;;;;;;;;;;;;;;;1;;;;;;;;;;;;;;;;;;;;;;;;1;;;;5;1;12;;1;1;;1;;;;1;;;;4;;;4;1;;2;2;;;;;;;;;;;;;;;;;;;;;;;;;;;;;;;;2;;;;;;;;1;;;;;;;;;;;;1;;;;;;;;;;2;;2;;;;;1;;;;;2;1;;;;5;1;;;;;;;;;;;;;;2;;1;;4;1;16;4;;1;2;5;21;1;12;2;2;;;5;;;;;;;;;;;9;;475;11;20;20;23;5;;1;;;;;1;;;7;;;2;;;2;1;;;2;;;;;;;;;;;;;;;;;;;;;;;;;1;5;5;;;;;;;;1;;;;;;3;1;5;2;4;1;1;3;;1;2;;;2;3;;5;2;1;;16;14;6;;1;14;17;21;22;17;100;17;;2;1;1;1;1;;10;2;9;1;;;;2;4;18;20;;39;1;;;2;;;;5;5;10;1;;1;;19;23;6;6;9;3;3;3;18;16;76;1;13;42;;;;;;;1;;1;;;;4;3;;1;;35;35;3;;8;4;1;;119;17;41;23;44;10;2;4;1;2;10;;37;3;23;1;12;9;13;5;94;3;44;36;16;759;316;387;;15;4;2;45;19;18;4;8;1;179;160;1;5;7;1;7;20;11;2;;4;;;1;;1;1;5;1;6;5;15;1;3;2;40;;;6;;5;13;2;;;;4;;;;;;;1;17;1;0;16;2;14;3;11;2;;7;5;45;24;95;64;78;7;31;96;2;6;10;4;66;15;45;3;3;3;6;7;16;3;12;93;12;5;1;;;;1;;;1;;;;;;;1;;;;2;;4;;4;;;1;;;;;;;;3;;1;1;;;;;3;1;;;1;2;34;12;12;19;2;12;7;5;1;2;1;10;14;45;58;35;24;11;10;26;38;44;6;15;37;37;36;51;35;;;;1;1;1;3;26;1;240;4;4;1;3;9;39;11;16;9;3;6;;2;39;9;;5;19;5;104;11;4;3;60;;43;19;15;;49;;;;;;;;;;;;;;;;;;;;;;;;;;;;;;;;;;;;;;;;;;;;;;;;;;;;;;;;;;;;;;;;;;;;;;;;;;;;;;;;;;;;;;;;;;;;;;;;;;;;;;;;;;;;;;;;;;;;;;;;;;;;;;;;;;;24;2;3;4;1;1;;28;15;10;17;2;4;13;12;7;;38;6;24;17;3;102;157;75;1;6;14;3;1;;3;50;24;12;;4;;15;9;1;5;;;1;12;109;;1;8;2;;2;;;;;39;31;133;50;65;;
Men_di;;;;;;;;;;;;;;;;;;;;;;;;;;;;;;;;;;;;;;;;;;;;;;;;;;;;;;;;;;;;;;;;;;;;;;;;;;;;;;;;;;;;;;;;;;;;;;;;;;;;;;;;;;;;;;;;;;;;;;;;;;;;;;;;;;;;;;;;;;;;;;;;;;;;;;;;;;;;;;;;;;;;;;;;;;;;;;;;;;;;;;;;;;;;;;;;;;;;;;;;;;;;;;;;;;;;;;;;;;;;;;;;;;;;;;;;;;;;;;;;;;;;;;;;;;;;;;;;;;;;;;;;;;;;;;;;;;;;;;;;;;;;;;;;;;;;;;;;;;;;;;;;;;;;;;;;;;;;;;;;;;;;;;;;;;;;;;;;;;;;;;;;;;;;;;;;;;;;;;;;;;;;;;;;;;;;;;;;;;;;;;;;;;;;;;;;;;;;;;;;;;;;;;;;;;;;;;;;;;;;;;;;;;;;;;;;;;;;;;;;;;;;;;;;;;;;;;;;;;;;;;;;;;;;;;;;;;;;;;;;;;;;;;;;;;;;;;;;;;;;;;;;;;;;;;;;;;;;;;;;;;;;;;;;;;;;;;;;;;;;;;;;;;;;;;;;;;;;;;;;;;;;;;;;;;;;;;;;;;;;;;;;;;;;;;;;;;;;;;;;;;;;;;;;;;;;;;;;;;;;;;;;;;;;;;;;;;;;;;;;;;;;;;;;;;;;;;;;;;;;;;;;;;;;;;;;;;;;;;;;;;;;;;;;;;;;;;;;;;;;;;;;;;;;;;;;;;;;;;;;;;;;;;;;;;;;;;;;;;;;;;;;;;;;;;;;;;;;;;;;;;;;;;;;;;;;;;;;;;;;;;;;;;;;;;;;;;;;;;;;;;;;;;;;;;;;;;;;;;;;;;;;;;;;;;;;;;;;;;;;;;;;;;;;;;;;;;;;;;;;;;;;;;;;;;;;;;;;;;;;;;;;;;;;;;;;;;;;;;;;;;;;;;;;;;;;;;;;;;;;;;;;;;;;;;;;;;;;;;;;;;;;;;;;;;;;;;;;;;;;;;;;;;7;;2;;;;;1;;;;;;;;;;;;;;;;;;;;;;;;;;;;;;;;;;;;;;;;;;;;;;;;;;;;;;;;;;;;;;;;;;;;1;;;;;;;;;;;;;;;;;;;;;;;;;;;;;;;;;;;;;;;;;;;;;;;;;;;;;;;;;;;;;;;;;;;;;;;;;;;;;;;;;;;;;;;;;;;;;;;;;;;;;;;;;;;;11;7;25;13;;10;3;;;;2;;;;;;;;;;;;;;;;;;;;;;;;;;;;;;;;;;;;;;;;;;;;;;;;;;;;;;;;;;;;;;;;;;;;;;;;;;;;;;;;;;;;;;;;;;;;;;;;;;;;;;;;;;;;;;;;;;;;;;;;;;;;;;;;;;;;;;;;;;;;;;;;;;;;;;;;;;;;;;;;;;;;;;;;;;;;;;;;;;;;;;;;;;;;;;;;;;;;;;;;;;;;;;;;;;;;;;;;;;;;;;;;;;;;;;;;;;;;;;;;;;;;;;;;;;;;;;;;;;;;;;;;;;;;;;;;;;;;;;;;;;;;;;;;;;;;;;;;;;;;;;;;;;;;;;;;;;;;;;;;;;;;;;;;;;;;;;;;;;;;;;;;;;;;;;;;;;;;;;;;;;;;;;;;;;;;;;;;;;;;;;;;;;;;;;;;;;;;;;;;;;;;;;;;;;;;;;;;;;;;;;;;;;;;;;;;;;;;;;;;;;;;;;;;;;;;;;;;;;;;;;;;;;;;;;;;;;;;;;;;;;;;;;;;;;;;;;;;;;;;;;;;;;;;;;;;;;;;;;;;;;;;;;;;;;;;;;;;;;;;;
Pla_ca;;;;;;;;;;;;;;;;;;;;;;;;;5;;;;;;;;;;;;3;;;;;;;;;;;;;;;4;;13;12;8;;;;;;;;;1;;1;1;3;4;1;5;12;15;;;;42;7;19;1;;1;202;143;35;8;3;4;1;2;7;;3;1;2;3;3;4;2;;1;;5;4;1;;;;3;3;13;2;2;4;12;;;;;;1;;;;;;;;;1;4;;;2;7;1;15;;2;;1;2;1;;1;;;1;12;;;;;;;4;1;4;3;7;7;3;1;;14;3;22;;;;;;;;;;;;;;;;;;;;;;;;;;;;;;;;;;;;;;;;;;;;;;;;;;;;;;;;;;;;;;;;;;;;;;;;;;;;;;;;;;;;;;;;;27;33;2;9;7;5;;84;70;;;4;2;;9;;;;;;;;;;1;1;;;4;;5;3;;29;5;1;;;1;347;131;191;;;;;;1;;;;;;;;;;;;;;;;;;;;;;;;;;;;;;;;;;;;;;;;;;;;;;;;;;;;;;;;;2;;5;20;;;;;;;;;;;;;;;;1;;;;;;;;;;;;;;;;;;;;;;;;;;;;;;;;;;;;;;;;;;;;;;;;;;;;;;;;;;;;;;;;;;;;;;;;;;;;;;;;;;;;;;;;1;1;;;;;;;;;;;;;;;;;;;;;;;;;;1;;6;;;;;;;;;2;;;;;;;;;;3;;;;;;2;;;;;;;3;2;;;3;1;22;;1;;;;;;;;;;;;;;;;;2;;;;3;3;1;2;;;;;2;5;3;1;;;;;15;6;12;74;85;62;4;8;;7;2;4;3;2;5;;2;;1;;1;;3;1;;2;2;;;10;;;;;;;;;;;;3;4;32;11;5;5;2;;4;;;1;;;;1;;;1;4;9;9;;;;9;16;;;;;;;;;;;;;;;;;;;;;;;;;;;;;;;;;;;;;;;;;;;;;;;;;;;;;;;;;;;;;;;;;;;;;;;;;;;;;;;;;;;;;;;;;;;;;;;;;;;;;;;;6;;;;;;;;;;;;;;;;;;;;;;1;;;;;;;;;;;;;;;;;;;;;;;;;;;;;;;;;;;;;;;;;;;;;;;;;;;;;;;;;;;;;;;;;;;;;44;1;2;1;;;;;;;;3;1;;;;;;;;;;;;;;;;;;;;;;;;;;;;;;;;;;;;;;3;3;2;;;3;;;;;;;;;;;;;;;;;;;;;;;;;;;;;;;;;;;;;;;;;;;;;;;;;;;;;;;;;;;;;16;;;;;;;;;;;;;;3;;1;;;;;;;;;;;;;;;;;;;;;;;;;;;;;;;;;;;;;;10;3;16;6;3;;;;;;6;;;;2;21;1;;;;;;;;;6;28;50;51;6;1;9;;;24;5;1;2;5;60;7;;6;;2;1;;;;;;;1;;;;2;;7;5;7;1;2;;;;1;2;5;;42;176;370;;2;14;3;;3;;;1;;;;;;;;;;54;;73;416;5;1;7;;;;;3;10;3;3;;1;7;3;;;;;;;;;;;;;;;;;;;;;;;;;;;;;;;;;;;;;;;;;;;;;;2;6;3;4;9;10;;;;2;2;;;;1;;;1;22;29;19;28;17;16;13;7;4;5;3;4;4;1;2;1;1;;5;1;1;;;;21;2;33;2;;;;13;35;1;;;;1;;;;2;3;;1;3;2;11;7;5;12;6;;1;2;1;;;;;;1;;;;3;;;;;;;;;;;;;;1;;2;11;15;11;7;7;1;3;1;;;;;;;1;7;;;;1;;;;;1;;;;2;;;;;;;2;6;;;;;;;;2;;;;;;;;2;1;;;15;;;;;;;;;10;;34;;;;3;;;;;;;;;;;;;;;;;;;;;;;;;;1;;;;;;1;2;3;4;1;2;;8;2;;;;13;21;11;6;3;1;;1;;;;;;1;1;;;;;;;;;;;;;;;;;;;;;;;;;;;;;;;;;;;;;;;8;3;8;;1;;5;3;;;;;;7;5;;;;1;;2;3;3;4;9;10;1;3;11;3;16;33;;;2;;1;;1;2;2;1;1;;1;63;7;22;;;;;;;5;10;1;12;15;31;;;;;1;;13;15;2;26;37;40;;;;1;;;;;;;;;;;;;;;;;;;;;;;;;;;;;;;;;;;;;;;;;;;;;;;;;;;;;;;;;;;;;;;;;;1;36;;2;;;;;;;;;;;;;;;;;;;;;;;;;;;;;;;;;;1;;;;;;;;;;;;;;;;;;;;;;;;;;;;;;1;4;;;17;31;51;;;;;;;1;;;;4;;;;;;;;2;;;;2;1;2;;;;;;;;;1;66;;1;;;;;2;;;;;;;;;;;;;;;
Pla_pl;;;;;;;;;;;;;;;;;;;;;;;;;;;;;;;;;;;;;;;;;;;;;;;;;;;;;;;;;;;;;;;;;;;;;;;;;;;;;;;;;;;;;;;;;;;;;;;;;;;;;;;;;;;;;;;;;;;;;;;;;;;;;;;;;;;;;;;;;;;;;;;;;;;;;;;;;;;;;;;;;;;;;;;;;;;;;;;;;;;;;;;;;;;;;;;;;;;;;;;;;;;;;;;;;;;;;;;;;;;;;;;;;;;;;;;;;;;;;;;;;;;;;;;;;;;;;;;;;;;;1;;;;;;;1;1;;;;;;;;;;;;;;;1;1;2;7;4;7;10;;;;;;;;;;;;;;;;;;;;;;;;;;;;;;;;;;;;;;;;;;;;;;;;;;;;;;;;;;;;;;;;;;;;;;;;;;;;;;;;;;;;;;;;;;;;;;;;;;;;;;;;;;;;;;;;;;;;;;;;;;;;;;;;;;;;;;;;;;;;;;;;;;;;;;;;;;;;;;;;;;;;;;;;;;;;;;;;;;;;;;;;;;;;;;;;;;;;;;;;;;;;;;;;;;;;;;;;;;;;;;;;;;;;;;;;;;;;;;;;;;;;;;;;;;;;;;;;;;;;;;;;;;;;;;;;;;;;;;;;;;;;;;;;;;;;;;;;;;;;;;1;;;;;;;;;;;;;;;;;;;;;;;;;;;;;;;;;;;;;;;;;;;;;;;;;;;;;;;;;;;;;;;;;;;;;;;;;;;;;;;;;;;;;;;;;;;;;;;;;;;;;;;;;;;;;;;;;;;;;;;;;;;;;;;;;;;;;;;;;;;;;;;;;;;;;;;;;;;;;;;;;;;;;;;;;;;;;;;;;;;;;;;;;;;;;;;;;;;;;;;;;;;;;;;;;;;;;;;;;;;;;;;;;;;;;;;;;;;;;;;;;;;;;;;;;;;;;;;;;;;;;;;;;;;;;;;;;;;;;;;;;;;;;;;;;;;;;;;;;;;;;;;;;;;;;;;;;;;;;;;;;;;;;;;;;;;;;;;;;;;;;;;;;;;;;;;;;;;;;;;;;;;;;;;;;;;;;;;;;;;;;;;;;;;;;;;;;;;;;;;;;;;;;;;;;;;;;;;;;;;;;;;;;;;;;;;;;;;;;;;;;;;;;;;;;;;;;;;;;;;;;;;;;;;;;;;;;;;;;;;;;;;;;;;;;;;;;;;;;;;;;;;;;;;;;;;;;;;;;;;;;;;;;;1;1;;6;4;;;;;;;;;;;;;;;;;;;;;;;;;;;;;;;;;;;;;;;;;;;;;;;;;;;;;;;;;;;;1;;;1;;;;;;;;1;;;;;;;;;;;;;;;;;;;;;;;;;;;;;;;;;;;;;;;;;;;;;;;;;;;;;;;;;;;;;;;;;;;;;;;;;;;;;;;;;;;;;;;;;;;;;;;;;;;;;;;;;;7;1;1;8;11;25;1;3;3;7;2;1;4;1;1;;1;12;;;;;;;;;;;;;;;;;;;;;;;;3;;;;;;;;;;;;;;;;;;;;;;;;;;;;;;;;;;;;;;;;;;;;;;;;;;;;;;;;;;;;;;;;;;;;;;;;;;;;;;;;;;;;;;;;;;;;;;;;;;;;;;;;;;;;;;;;;;;;;;;;;;;;;;;;;;;;;;;;;;;;;;;;;;;;;;;;;;;;;;;;;;;;;;;;;;;;;;;;;;;;;;;;;;;;;;;;;;;;;;;;;;;;;;;;;;;;;;;;;;;;;;;;;;;;;;;;;;;;;;;;;;;;;;;;;;;;;;;;;;;;;;;;;;;;;;;;;;;;;;;;;;;;;;;;;;;;;;;;;;;;;;1;;;;;;;;;;;;;;;;;;;;;;;;;;;;;;;;;;;;;;;;;;;;;;;;;;;;;;;;;;;
Val_cr;;;;5;;;;;;;;;;;;;;;;;;;;;;;;;;;;;;;;;;;;;;;;;;;;;;;;;;4;2;;;;;;;;;;;;;;;;;;;;;;;;;;;;;;;;;;;;1;;;2;1;;;;;;;;1;;;;;;;;;;1;;;;;;;;;;;;;;1;;;;;;;;;;;;;;3;1;;;;;;;;;;;;;;1;2;;;;;;;;;1;;;;;;;;;;;;;;;;;;;;;;;;;;;;;;;;;;;;;;;;;;1;;;;;;;;;;;;;;;;;;;;;;;;;;;;;;;;;;;;;;;;;;;;;;;;;3;3;9;;9;3;;5;23;;;;;;1;;1;;;;;7;2;1;;4;5;30;33;65;3;37;70;4;4;;1;;;;3;1;;;4;1;1;2;;;;;;;;;;;;;;;;;;;;;;;;;;;;;;;;;;;;;;;;;;;;;;;;;;;;;;;;;;;;;;;;;;;;;;;;;;;;;;;;;;;2;;;;;;;;;;;;;;;;;;;;;1;;;;;;;;;;;;;;;;;;;;;;;;;;;;;;;;;;;;;;;;;;;;;;;;;;;;;;;;;;;;;;2;;;;;;;;;;;;;;;;;;;1;1;;;;;;;;;;;;;;;;;;;;;;;;;;;;;;;;;;;;;;;;;;;;;;;5;;;;;;;;;;;;;;;;;;;;;;;;;;;;;2;11;11;3;;;;;27;6;1;1;3;1;;1;;;;;;;;;;;;;;;1;;;;;;;;;;;;;;;;1;;;;;;3;;;;;;;;;;;;;;2;;;1;;;;;;;;;;;;;;;;;;;;;;;;;;;;;;;;;;;;;;;;;;;;;;;;;;;;;;;;;;;;;;;;;;;;;;;;;;;;;;;;;;;;;;;;;;;;;;;;;;;;;;;;;;;;;;;;;;;;;;;;;;1;;;;;;;;;;1;;;;;;;;;;;;;;;;1;;;;;;;;;;;;;;;;;;;;;;;;;;;;;;;;;;;;;;;;;;;;;;;;;;;;;;;;;;;;;;;;;;;;;;;;;;;;;;;;;;;;;;;;;;;;;;;;;;;;;;;;;;;;;;;;;;;;;;;1;;;;;;;;;;;;;;;;;;;;;;;;;;;;;;;;;;;;;;;;;;;;;;;;;;;;;;;;;;;;;;;;;;;;;;;;;;;;;;;;;;;;;;;;;;;;;;;;;;;;;;1;1;;2;;20;;;;10;;1;2;;;;;;;;;;;;;;;;;;;;;;;;;;;;;;;;;;;;;;;;;;;;;1;;;;;;1;;;;;;;;;;;;;;;;;;;;;;;;;;;;;;50;;36;30;133;219;134;37;;1;2;2;1;6;;;1;38;61;8;4;1;2;2;5;1;;4;;2;2;6;;;;;;;;;;;;;;;;;;;;;;;;;;;;;;;;;1;2;6;3;2;11;8;11;1;;;1;;;2;;;3;5;9;13;3;;;8;25;16;4;10;11;13;30;11;3;18;15;;;;;;;;;;;;;;;;;;1;;;3;;;;;1;;;;1;;;;;;;;;;;4;;;6;;;;1;;;;;;;;;;;11;;1;;;1;1;2;2;4;;7;7;6;;22;19;47;25;24;12;2;12;11;5;3;12;36;8;17;8;21;21;14;12;3;18;8;7;9;9;22;4;3;41;1;11;10;7;5;9;13;4;3;15;10;10;31;13;16;16;1;1;;;;;1;;1;;43;1;20;10;18;;1;;7;;1;2;11;3;10;15;4;36;1;34;1;;;2;;;;10;;;8;2;6;;4;37;13;17;3;;17;38;39;19;7;29;28;12;31;45;8;51;14;93;19;20;10;43;20;18;21;43;45;6;2;;;;;;;;;;;;;;;;;;;;;;;;;;;;;;;;;;;;;;;2;;8;60;10;6;4;9;4;12;3;5;4;3;3;12;6;1;3;5;28;19;17;34;9;4;9;;2;3;14;4;;8;5;3;11;1;2;5;9;58;13;4;9;32;8;31;11;4;3;3;4;29;;5;32;2;;1;;;;;1;;1;10;;3;;5;;1;4;10;1;10;;;;;;;;;;;;;;;;;;;;;;;;;;;;;;;;;;;;;;;;;;;;;;;;;;;;;;;;;;;;;;;;;;;;;;;;;;;;;;;;;;;;;;;;;;;;;;;;;;;;;;;;;;;;;;;;;;;;;;;;;;;;;;;;;;;11;36;519;382;44;168;65;41;70;2;52;68;174;12;26;15;;1;3;1;1;;3;3;7;42;77;54;62;28;37;58;63;47;31;89;17;2;21;15;9;6;10;9;5;63;178;;2;23;;3;3;3;;1;;17;2;8;3;7;;
Val_pi;;;;;;;;;;;;;;;;;;;;;;;;;;;;;;;;;;;;;;;;;;;;;;;;;;;2;;4;;;;;;;;;;;;;;;;;;;;;;;;;;1;;;;;4;;;;8;3;2;6;21;12;51;4;1;1;;;;;;;7;2;;2;4;2;;;;;;;;;1;1;;1;;;;5;1;;;1;;;;4;3;1;37;35;2;;9;2;14;15;4;5;7;4;6;11;146;1;2;5;2;;3;16;5;;35;48;29;;;2;1;2;7;;;;;;7;3;1;;;;;;;;;1;;;;;2;;;;1;1;;;;;;;;;;;;;;1;;1;1;1;;2;1;2;2;5;1;5;9;;9;1;6;2;;;2;1;1;;1;8;;;;;1;1;;;1;;;1;;;;;;;;;;;;;;;;;;;;;;;;;;;;;;;;;;;;;;;;;;;;;;;;;;;;;;;;;;;;;;;;;;1;;;;;;;;;;;;;1;;10;5;4;1;8;4;1;;2;;;;;;;;;;;;1;;;;;;;2;;;;;;6;;6;4;;;;;;4;1;1;;;1;;;;;;;2;1;;1;3;6;2;2;2;1;;;;1;1;;1;;;;;;;;2;;1;;;;;;;;;;;;;;;;;;;;;;;1;;;1;;2;;;;;;;;;;;;;;;;;;;;;;;;;;;;;;;;;;2;;;;;;;;1;;;3;;3;1;7;1;2;1;6;5;3;;;;6;6;;;1;;;;;6;12;7;1;3;1;2;;;;;;;;1;3;1;;2;;;1;;;1;3;4;14;6;71;22;23;20;78;2;30;18;12;6;4;3;;2;;;;;;3;3;23;23;21;;3;5;11;;6;;;2;9;;;6;;3;;;4;;2;2;;;11;7;1;;1;1;;;2;1;;;;;;;;;2;2;1;;;;;;;;;;;;1;;2;2;3;6;10;9;;6;1;6;;;;;;;;;;1;;;;1;1;;;1;;12;;13;5;;;;;;;;;;;;;;;;;;;;;;;;;;;;;;;;;;;;;;;;;;;;;;;8;;2;1;;;;;9;;1;1;;;5;16;;56;8;1;4;5;;8;;;;;;;;1;;;;;;;;3;2;;;201;;1;1;;;1;;;;;;;;;;;;;;;;;;;;;1;;;;;;;;;;;;;;;;;;;;;;;;;;;;;;;;;;;;;;;;;;;;;;;1;;;;;;;;;;;;;;;;;;;;;;;;;;4;;;;;;;;;;;;;;2;5;;8;18;1;;4;4;;;;;;;4;2;4;;1;1;;;;5;6;3;;;;2;2;;;;;;;;;;;;;;;;3;;;;;;;;2;;;;;;;;;;;;;40;16;23;6;3;12;1;14;;;;;;;;;;;;;;;;;;;;;;;1;;;;;11;;;;;;;;;4;;;;;;;;;;;;;;;;;;;;;;;;;;;;;;;;;;;;;;;;;1;85;1;3;16;12;2;1;3;1;14;2;4;3;;2;;;6;3;;;;2;1;3;;1;2;7;;66;2;5;1;;;;;5;;;2;;;;;;2;;;;;;;;;;;;;;;;;;;;;;;;;3;;;;3;2;2;;1;;;;;;;;1;;;;;1;;;8;6;3;2;;;;;;;;;;;;;;;;;;;;;;;;;;;;;;;;;;1;1;;18;13;11;5;1;5;4;1;;1;2;2;;2;;;;1;5;13;3;;;;;;;;;;;;;;;;;;;;;;;;;;;;;;;;;;;;;;;;9;;1;;;;4;;;;1;11;;;2;2;1;;3;3;28;5;2;2;;5;4;;4;4;;8;6;1;3;1;;;;;;;;;;;;;;;;;;;;;;;;;;;;;;;;;;;;;;8;;;;;;;;;;;;;;;;;;;;;;;;;;;;;;;;;;;;;;;;;;;;;;;;;;;;;;;;;;;;;;;;;;;;;;;;;;;;;;;;1;;;;1;1;;;5;7;3;10;11;1;1;;;;1;;;;;;3;1;6;8;;;;;3;1;;34;6;5;14;16;9;8;4;1;;5;2;7;8;33;22;9;18;9;19;22;22;72;6;;7;1;1;10;28;23;9;34;17;36;5;13;15;22;8;11;;;;;;;;;;;;;;;;;;;;;;;;;;;;;;;;;;;;;;;;;;;;;;;;;;;;;;;;;;;;;;;;;;;;;;;1;;;;;;;;1;;;;;;;;;;;;;;;1;;;;1;;;;1;;;;;;;;;;;1;;;;;;;;;;;;;;;;;;;;;;;;;;;;;;3;;;;;;;;;1;;;;1;;;2;;;;;;;;;1;;;;;;;;;2;3;1;;3;;1;;1;;;;;;;;;;;;3;;;;;;;;1;;;;;;;;;;;;;;;;;;;;;2;;;;;;;;;;;;;;;;;;;;;;;;;;;;;;;;;;;;;;;;;;;;12;;
Viv_sp;;;;;;;;;;;;;;;;;;;;;;;;;;;;;;;;;;;;;;;;;;;;;;;;;;;;;;;;;;;;;;;;;;;;;;;;;;;;;;;;;;;;;;;;;;;;;;;;;;;;;;;;;;;;;;;;;;;;;;;;;;;;;;;;;;;;;;;;;;;;;;;;;;;;;;;;;;;;;;;;;;;;;;;;;;;;;;;;;;;;;;;;;;;;;;;;;;;;;;;;;;;;;;;;;;;;;;;;;;;;;;;;;;;;;;;;;;;;;;;;;;;;;;;;;;;;;;;;;;;;;;;;;;;;;;;;;;;;;;;;;;;;;;;;;;;;;;;;;;;;;;;;;;;;;;;;;;;;;;;;;;;;;;;;;;;;;;;;;;;;;;;;;;;;;;;;;;;;;;;;;;;;;;;;;;;;;;;;;;;;;;;;;;;;;;;;;;;;;;;;;;;;;;;;;;;;;;;;;;;;;;;;;;;;;;;;;;;;;;;;;;;;;;;;;;;;;;;;;;;;;;;;;;;;;;;;;;;;;;;;;;;;;;;;;;;;;;;;;;;;;;;;;;;;;;;;;;;;;;;;;;;;;;;;;;;;;;;;;;;;;;;;;;;;;;;;;;;;;;;;;;;;;;;;;;;;;;;;;;;;;;;;;;;;;;;;;;;;;;;;;;;;;;;;;;;;;;;;;;;;;;;;;;;;;;;;;;;;;;;;;;;;;;;;;;;;;;;;;;;;;;;;;;;;;;;;;;;;;;;;;;;;;;;;;;;;;;;;;;;;;;;;;;;;;;;;;;;;;;;;;;;;;;;;;;;;;;;;;;;;;;;;;;;;;;;;;;;;;;;;;;;;;;;;;;;;;;;;;;;;;;;;;;;;;;;;;;;;;;;;;;;;;;;;;;;;;;;;;;;;;;;;;;;;;;;;;;;;;;;;;;;;;;;;;;;;;;;;;;;;;;;;;;;;;;;;;;;;;;;;;;;;;;;;;;;;;;;;;;;;;;;;;;;;;;;;;;;;;;;;;;;;;;;;;;;;;;;;;;;;;;;;;;;;;;;;;;;;;;;;;;;;;;;;;;;;;;;;;;;;;;;;;;;;;;;;;;;;;;;;;;;;;;;;;;;;;;;;;;;;;;;;;;;;;;;;;;;;;;;;;;;;;;;;;;;;;;;;;;;;;;;;;;;;;;;;;;;;;;;;;;;;;;;;;;;;;;;;;;;;;;;;;;;;;;;;;;;;;;;;;;;;;;;;;;;;;;;;;;;;;;;;;;;;;;;;;;;;;;;;;;;;;;;;;;;;;;;;;;;;;;;;;;;;;;;;;;;;;;;;;;;;;;;;;;;;;;;;;;;;;;;;;;;;;;;;;;;;;;;;;;;;;;;;;;;;;;;;;;;;;;;;;;;;;;;;;;;;;;;;;;;;;;;;;;;;;;;;;;;;;;;;;;;;;;;;;;;;;;;;;;;;;;;;;;;;;;;;;;;;;;;;;;;;;;;;;;;;;;;;;;;;;;;;;;;;;;;;;;;;;;;;;;;;;;;;;;;;;;;;;;;;;;;;;;;;;;;;;;;;;;;;;;;;;;;;;;;;;;;;;;;;;;;;;;;;;;;;;;;;;;;;;;;;;;;;;;;;;;;;;;;;;;;;;;;;;;;;;;;;;;;;;;;;;;;;;;;;;;;;;;;;;;;;;;;;;;;;;;;;;;;;;;;;;;;;;;;;;;;;;;;;;;;;;;;;;;;;;;;;;;;;;;;;;;;;;;;;;;;;;;;;;;;;;;;1;;;;;;;;;;;;;;;;;;;;;;;;;;;;;;;;;;;;;;;;;;;;;;;;;;;;;;;;;;;;;;;;;;;;;;;;;;;;;;;;;;;;;;;;;
